farm_id,operations_commencing_year,num_processing_plants,farm_area,farming_company,deidentified_location
fid_110884,2008.0,,690.455096,Obery Farms,location 7369
fid_90053,2004.0,,252.69616,Obery Farms,location 7369
fid_17537,1991.0,,499.446528,Obery Farms,location 7369
fid_110392,2002.0,,2200.407555,Obery Farms,location 7369
fid_62402,1975.0,,10833.140121,Obery Farms,location 7369
fid_121604,2000.0,,743.224,Obery Farms,location 7369
fid_85694,1981.0,,2594.409178,Dole Food Company,location 7369
fid_33785,1989.0,,11248.137822,Obery Farms,location 7369
fid_110793,2003.0,,5649.338527,Obery Farms,location 7369
fid_32954,2010.0,,2508.381,Wayne Farms,location 7369
fid_61445,1991.0,,34445.924019,Sanderson Farms,location 7369
fid_20096,1968.0,,4559.028919,Obery Farms,location 7369
fid_56102,1999.0,,3446.7013,Dole Food Company,location 7369
fid_43573,2000.0,,9232.70014,Obery Farms,location 7369
fid_48575,2013.0,,8012.88375,Obery Farms,location 7369
fid_109906,1974.0,,7799.857171,Wayne Farms,location 7369
fid_34103,1996.0,,5076.591532,Obery Farms,location 7369
fid_57758,1980.0,,1416.77075,Wayne Farms,location 7369
fid_48075,1996.0,,10395.009573,Obery Farms,location 7369
fid_64013,2004.0,,1738.865451,Wayne Farms,location 7369
fid_76740,1977.0,,10244.599616,Obery Farms,location 7369
fid_20789,1990.0,,654.315829,Wayne Farms,location 7369
fid_32291,1996.0,,331.570807,Obery Farms,location 7369
fid_115413,1985.0,,12159.609155,Obery Farms,location 7369
fid_69590,2001.0,,9805.447135,Obery Farms,location 7369
fid_100807,1969.0,,9595.579258,Wayne Farms,location 7369
fid_105085,2005.0,,2504.014559,Wayne Farms,location 7369
fid_44304,1999.0,,5499.8576,Dole Food Company,location 7369
fid_102416,2016.0,,4919.864171,Wayne Farms,location 7369
fid_31778,2006.0,,10578.492998,Obery Farms,location 7369
fid_29482,1999.0,,8723.312991,Obery Farms,location 7369
fid_38448,2001.0,,5751.067312,Obery Farms,location 7369
fid_56855,2005.0,,4495.761976,Wayne Farms,location 7369
fid_63385,2002.0,,3594.045458,Dole Food Company,location 7369
fid_46223,2002.0,,3969.838093,Dole Food Company,location 7369
fid_116934,2002.0,,3866.344151,Dole Food Company,location 7369
fid_111680,2002.0,,4935.93639,Dole Food Company,location 7369
fid_49528,2002.0,,4935.93639,Dole Food Company,location 7369
fid_15951,2013.0,,1186.278407,Wayne Farms,location 7369
fid_120178,1969.0,,6003.298957,Wayne Farms,location 7369
fid_80442,2001.0,,2503.178432,Sanderson Farms,location 7369
fid_74101,1968.0,,8719.87558,Wayne Farms,location 7369
fid_76042,1968.0,,21043.086918,Other,location 7369
fid_107841,1980.0,,5487.873113,Tyson Foods,location 7369
fid_70417,1985.0,,26.291549,Tyson Foods,location 7369
fid_110278,2016.0,,1421.7875119999999,Tyson Foods,location 7369
fid_51884,2016.0,,840.307635,Tyson Foods,location 7369
fid_12776,2008.0,,2941.866398,Tyson Foods,location 7369
fid_49187,1989.0,,888.988807,Other,location 7369
fid_94807,1968.0,,2272.035768,Dole Food Company,location 7369
fid_87168,1981.0,,436.458294,Other,location 7369
fid_112127,2014.0,,36012.733114,Freight Farms,location 7369
fid_28622,1970.0,,9896.306269,Obery Farms,location 7369
fid_73322,1971.0,,8151.495026,Wayne Farms,location 7369
fid_111986,2011.0,,730.867901,Obery Farms,location 7369
fid_57916,2011.0,,1553.895578,Wayne Farms,location 7369
fid_68605,2013.0,,5582.355464,Dole Food Company,location 7369
fid_88913,2013.0,,6072.047177,Dole Food Company,location 7369
fid_119338,2013.0,,7746.159237,Dole Food Company,location 7369
fid_46725,2005.0,,7556.451311,Sanderson Farms,location 7369
fid_97363,1997.0,,7578.655128,Obery Farms,location 7369
fid_14189,2001.0,,3594.045458,Dole Food Company,location 7369
fid_21897,2001.0,,3969.838093,Dole Food Company,location 7369
fid_47782,2001.0,,3866.344151,Dole Food Company,location 7369
fid_107436,2001.0,,4935.93639,Dole Food Company,location 7369
fid_107874,2001.0,,4935.93639,Dole Food Company,location 7369
fid_40459,1981.0,,3459.800623,Dole Food Company,location 7369
fid_12360,1968.0,,2272.035768,Dole Food Company,location 7369
fid_105593,2007.0,,45283.987999,Freight Farms,location 7369
fid_24658,2000.0,,36012.733114,Freight Farms,location 7369
fid_89512,2007.0,,36012.733114,Freight Farms,location 7369
fid_26128,1998.0,,36012.733114,Freight Farms,location 7369
fid_88000,2002.0,,36012.733114,Freight Farms,location 7369
fid_79187,2008.0,,36012.733114,Freight Farms,location 7369
fid_87713,1997.0,,36012.733114,Freight Farms,location 7369
fid_13391,2010.0,,7519.754626,Obery Farms,location 7369
fid_61180,2009.0,,11973.988961,Obery Farms,location 7369
fid_31776,1968.0,,2272.035768,Dole Food Company,location 7369
fid_95415,2007.0,,7084.504071,Obery Farms,location 7369
fid_120144,2010.0,,3366.80472,Wayne Farms,location 7369
fid_73142,2001.0,,14503.180233,Wayne Farms,location 7369
fid_114077,1979.0,,281.031575,Other,location 7369
fid_94420,1974.0,,998.056929,Wayne Farms,location 7369
fid_93150,1996.0,,192.30921,Other,location 7369
fid_33138,1986.0,,375.142314,Wayne Farms,location 7369
fid_23180,1981.0,,3459.800623,Dole Food Company,location 7369
fid_105695,1986.0,,1015.615596,Obery Farms,location 7369
fid_94913,2006.0,,595.694036,Sanderson Farms,location 7369
fid_87385,2007.0,,7109.587881,Sanderson Farms,location 7369
fid_69083,1996.0,,15027.524765,Tyson Foods,location 7369
fid_57155,1999.0,,5499.8576,Dole Food Company,location 7369
fid_46792,2003.0,,6326.136882,Obery Farms,location 7369
fid_88872,1970.0,,1001.401437,Wayne Farms,location 7369
fid_117904,1982.0,,3100.17311,Wayne Farms,location 7369
fid_102226,1968.0,,2737.758507,Obery Farms,location 7369
fid_81920,2006.0,,18667.278499,Dole Food Company,location 7369
fid_12588,2006.0,,18667.278499,Dole Food Company,location 7369
fid_112021,2007.0,,17432.969241,Dole Food Company,location 7369
fid_60035,2007.0,,18667.278499,Dole Food Company,location 7369
fid_111863,2016.0,,209.96078,Wayne Farms,location 7369
fid_101735,1968.0,,2272.035768,Dole Food Company,location 7369
fid_50961,1986.0,,1752.15058,Wayne Farms,location 7369
fid_17616,1983.0,,1474.928028,Wayne Farms,location 7369
fid_115440,2016.0,,2012.0002709999999,Obery Farms,location 7369
fid_87418,2003.0,,4211.29299,Wayne Farms,location 7369
fid_26026,,9.0,4703.028569,Obery Farms,location 959
fid_87942,,8.0,499.260722,Obery Farms,location 959
fid_120636,2005.0,14.0,9061.015396,Obery Farms,location 959
fid_64441,1913.0,9.0,7579.02674,Obery Farms,location 959
fid_66870,1953.0,10.0,5295.006485,Obery Farms,location 959
fid_45574,2006.0,12.0,2584.004042,Obery Farms,location 959
fid_41581,1909.0,11.0,10993.955214,Obery Farms,location 959
fid_66062,,10.0,2992.034018,Obery Farms,location 959
fid_75323,1958.0,13.0,9334.986343,Obery Farms,location 959
fid_75397,1958.0,17.0,12976.969749,Obery Farms,location 959
fid_81940,1968.0,10.0,12051.005548,Obery Farms,location 959
fid_43214,,9.0,3462.030295,Obery Farms,location 959
fid_45828,2004.0,8.0,1438.974567,Obery Farms,location 959
fid_100672,1960.0,12.0,12849.971348,Obery Farms,location 959
fid_84102,2007.0,11.0,8468.015546999999,Obery Farms,location 959
fid_113409,1976.0,11.0,6337.006533,Obery Farms,location 959
fid_66692,1906.0,13.0,13964.993154,Obery Farms,location 959
fid_118149,1991.0,10.0,7714.943829,Obery Farms,location 959
fid_78948,1989.0,10.0,5686.035212,Obery Farms,location 959
fid_90701,1900.0,10.0,3559.950057,Obery Farms,location 959
fid_101975,1995.0,10.0,1560.956206,Obery Farms,location 959
fid_22109,2004.0,9.0,2001.037717,Obery Farms,location 959
fid_25504,,10.0,2514.977113,Dole Food Company,location 959
fid_55104,1956.0,11.0,9548.012922,Dole Food Company,location 959
fid_81766,1968.0,11.0,9565.014171,Dole Food Company,location 959
fid_91133,1960.0,20.0,5842.948379,Dole Food Company,location 959
fid_117362,1930.0,11.0,6193.006883,Dole Food Company,location 959
fid_89897,1995.0,12.0,7720.982524,Dole Food Company,location 959
fid_118325,1960.0,12.0,6012.960869,Dole Food Company,location 959
fid_92427,1998.0,12.0,4606.966867,Dole Food Company,location 959
fid_94361,1967.0,14.0,6181.022396,Dole Food Company,location 959
fid_78150,1960.0,13.0,5245.953701,Dole Food Company,location 959
fid_23619,1967.0,10.0,5948.021672,Sanderson Farms,location 959
fid_35152,,10.0,10984.014593,Del Monte Foods,location 959
fid_94133,1900.0,10.0,5261.003987,Del Monte Foods,location 959
fid_76682,,15.0,4647.00806,Wayne Farms,location 959
fid_71616,1919.0,9.0,4161.032467,Wayne Farms,location 959
fid_104195,,8.0,4212.965244,Wayne Farms,location 959
fid_93717,,8.0,3724.016755,Wayne Farms,location 959
fid_121305,,9.0,5357.994719,Wayne Farms,location 959
fid_64709,,8.0,1320.987757,Wayne Farms,location 959
fid_60666,1956.0,12.0,2937.035442,Wayne Farms,location 959
fid_103063,1977.0,11.0,7668.956844,Wayne Farms,location 959
fid_118389,1960.0,16.0,16220.956703,Wayne Farms,location 959
fid_61649,1960.0,12.0,7606.990543,Wayne Farms,location 959
fid_97675,1955.0,12.0,6099.732271,Wayne Farms,location 959
fid_17324,1997.0,12.0,2833.076985,Wayne Farms,location 959
fid_107418,1970.0,6.0,956.993803,Wayne Farms,location 959
fid_14523,1965.0,7.0,1494.995076,Wayne Farms,location 959
fid_120597,1907.0,12.0,3200.972865,Wayne Farms,location 959
fid_59291,1930.0,12.0,4801.970264,Wayne Farms,location 959
fid_106819,2007.0,,4058.095943,Del Monte Foods,location 5489
fid_118511,,,488.483974,Wayne Farms,location 5489
fid_100249,,,941.571905,Wayne Farms,location 5489
fid_27170,,,909.334564,Obery Farms,location 5489
fid_120715,,,1466.566758,Sanderson Farms,location 5489
fid_64015,,,1052.498087,Obery Farms,location 5489
fid_60155,1968.0,,9181.510587,Obery Farms,location 5489
fid_94240,1970.0,,6698.492106,Obery Farms,location 5489
fid_55529,1979.0,,1199.191924,Mountaire Farms,location 5489
fid_19528,1975.0,,360.184931,Mountaire Farms,location 5489
fid_27582,2009.0,,51394.86863,Dole Food Company,location 5489
fid_91594,1956.0,,8019.665669,Dole Food Company,location 5489
fid_39139,2005.0,,17043.98438,Obery Farms,location 5489
fid_77901,2006.0,,16681.569777,Obery Farms,location 5489
fid_101039,1982.0,,4201.445272,Tyson Foods,location 5489
fid_96233,1968.0,,12244.336691,Wayne Farms,location 5489
fid_35151,1983.0,,11282.14032,Wayne Farms,location 5489
fid_84510,,,8445.161409,Obery Farms,location 5489
fid_14378,,,8444.8827,Obery Farms,location 5489
fid_34542,1989.0,,10371.226405,Obery Farms,location 5489
fid_46989,1970.0,,5782.096914,Obery Farms,location 5489
fid_80963,1989.0,,15520.932598,Sanderson Farms,location 5489
fid_68761,,,2173.186976,Wayne Farms,location 5489
fid_94448,2012.0,,2310.218901,Perdue Farms,location 5489
fid_117110,,,2284.113158,Obery Farms,location 5489
fid_53010,2014.0,,13826.660587,Obery Farms,location 5489
fid_119246,,,94.946866,Sanderson Farms,location 5489
fid_48416,1992.0,,12311.319754,Obery Farms,location 5489
fid_68761,,,3174.588413,Obery Farms,location 5489
fid_45618,,,7831.7229,Obery Farms,location 5489
fid_20492,1948.0,,151.338987,Southern Confederate Farms,location 5489
fid_99410,1950.0,,4106.591309,Obery Farms,location 5489
fid_50119,1941.0,,2187.772747,Wayne Farms,location 5489
fid_14534,1969.0,,695.007343,Obery Farms,location 5489
fid_56589,1957.0,,12731.42712,Obery Farms,location 5489
fid_85677,1964.0,,7271.332004,Obery Farms,location 5489
fid_103268,1983.0,,14087.532211,Obery Farms,location 5489
fid_81599,1999.0,,576.277309,Wayne Farms,location 5489
fid_14086,,,14463.324846,Wayne Farms,location 5489
fid_45809,1940.0,,901.437809,Wayne Farms,location 5489
fid_14324,,,3765.451493,Sanderson Farms,location 5489
fid_60360,,,9555.630968,Del Monte Foods,location 5489
fid_99921,2004.0,,15232.282977,Wayne Farms,location 5489
fid_91188,2004.0,,37633.425949,Freight Farms,location 5489
fid_44226,1964.0,,13293.768979,Sanderson Farms,location 5489
fid_20987,1992.0,,20402.242024,Obery Farms,location 5489
fid_26880,2006.0,,6938.181846,Dole Food Company,location 5489
fid_40814,2007.0,,5885.219244,Dole Food Company,location 5489
fid_68990,1951.0,,2875.254947,Dole Food Company,location 5489
fid_63965,2001.0,,5582.169658,Dole Food Company,location 5489
fid_31537,1966.0,,32129.294811,Del Monte Foods,location 5489
fid_84046,,,9262.4291,Del Monte Foods,location 5489
fid_73057,1934.0,,3428.492312,Foster Farms,location 5489
fid_123014,2006.0,,17957.592482,Obery Farms,location 5489
fid_112916,2004.0,,6619.152944,Obery Farms,location 5489
fid_64234,,,4497.527133,Obery Farms,location 5489
fid_104874,2012.0,,30403.064168,Obery Farms,location 5489
fid_66920,1964.0,,4613.748786,Obery Farms,location 5489
fid_46598,1951.0,,8479.535519,Obery Farms,location 5489
fid_83463,1940.0,,3382.226618,Dole Food Company,location 5489
fid_99942,1964.0,,12733.749695,Obery Farms,location 5489
fid_57301,2003.0,,26286.532238,Obery Farms,location 5489
fid_50467,,,1524.631133,Del Monte Foods,location 5489
fid_28262,1959.0,,8930.207972,Obery Farms,location 5489
fid_33276,1971.0,,11389.164576,Obery Farms,location 5489
fid_105851,1993.0,,18984.635147,Obery Farms,location 5489
fid_93191,1939.0,,1108.797305,Sanderson Farms,location 5489
fid_122215,,,24265.148764,Obery Farms,location 5489
fid_76217,1955.0,,25295.443034,Obery Farms,location 5489
fid_16854,1967.0,,20115.914978,Dole Food Company,location 5489
fid_41080,1930.0,,6891.54454,Wayne Farms,location 5489
fid_29572,1918.0,,1591.614196,Sanderson Farms,location 5489
fid_25582,1951.0,,4562.280524,Dole Food Company,location 5489
fid_76310,,,13014.967076,Obery Farms,location 5489
fid_41562,,,960.059602,Obery Farms,location 5489
fid_23227,1939.0,,3134.454317,Obery Farms,location 5489
fid_67085,1981.0,,2261.723535,Sanderson Farms,location 5489
fid_83049,1970.0,,2335.488517,Obery Farms,location 5489
fid_61295,1971.0,,16645.151801,Obery Farms,location 5489
fid_101721,1970.0,,864.834027,Obery Farms,location 5489
fid_86326,1989.0,,13386.021658,Sanderson Farms,location 5489
fid_43120,1982.0,,9407.543586,Del Monte Foods,location 5489
fid_60171,,,4182.214351,Wayne Farms,location 5489
fid_62549,1963.0,,9888.59532,Dole Food Company,location 5489
fid_90391,1964.0,,10340.475511999999,Dole Food Company,location 5489
fid_36227,1974.0,,4830.863097,Sanderson Farms,location 5489
fid_60505,1987.0,,14596.269039,Freight Farms,location 5489
fid_40513,2004.0,,51767.130951,Freight Farms,location 5489
fid_18061,,,8892.396451,Obery Farms,location 5489
fid_41579,,,8220.614858,Obery Farms,location 5489
fid_94856,1967.0,,18806.818805,Wayne Farms,location 5489
fid_117986,1965.0,,5997.81768,Obery Farms,location 5489
fid_69285,1982.0,,2289.408629,Obery Farms,location 5489
fid_50444,1976.0,,16671.350447,Sanderson Farms,location 5489
fid_71761,1991.0,,12236.25413,Obery Farms,location 5489
fid_87210,,,1186.650019,Obery Farms,location 5489
fid_105507,1907.0,,400.783542,Obery Farms,location 5489
fid_35661,1964.0,,6122.958021,Obery Farms,location 5489
fid_79973,1989.0,,23668.525698,Sanderson Farms,location 5489
fid_87368,1914.0,,4559.493434,Obery Farms,location 5489
fid_79575,,,1555.567832,Obery Farms,location 5489
fid_119316,,,7028.1119499999995,Obery Farms,location 5489
fid_39879,,,6616.923272,Obery Farms,location 5489
fid_42540,,,7197.102507,Obery Farms,location 5489
fid_102220,1979.0,,11797.287455,Obery Farms,location 5489
fid_121555,,,8339.90231,Obery Farms,location 5489
fid_104740,1999.0,,1932.754012,Sanderson Farms,location 5489
fid_53696,1960.0,,8145.084719,Obery Farms,location 5489
fid_92956,1973.0,,7772.26498,Wayne Farms,location 5489
fid_95143,1988.0,,11052.298298,Wayne Farms,location 5489
fid_55797,,,2837.536329,Obery Farms,location 5489
fid_32556,2013.0,,6706.946279,Sanderson Farms,location 5489
fid_65693,,,7231.941132,Sanderson Farms,location 5489
fid_105245,1958.0,,75207.76559,Sanderson Farms,location 5489
fid_38745,,,2766.465534,Wayne Farms,location 5489
fid_18380,,,6635.225163,Obery Farms,location 5489
fid_80380,,,425.774449,Obery Farms,location 5489
fid_109393,,,13038.471535,Wayne Farms,location 5489
fid_57100,1985.0,,3921.807242,Wayne Farms,location 5489
fid_104734,2014.0,,6580.505296,Wayne Farms,location 5489
fid_75999,2014.0,,6580.969811,Wayne Farms,location 5489
fid_58088,1909.0,,1185.535183,Obery Farms,location 5489
fid_85280,,,13759.027203,Wayne Farms,location 5489
fid_25534,1967.0,,4587.921752,Obery Farms,location 5489
fid_39048,2008.0,,9801.731015,Sanderson Farms,location 5489
fid_28586,,,2681.366386,Perdue Farms,location 5489
fid_103568,,,2670.96125,Wayne Farms,location 5489
fid_55769,,,4823.52376,Sanderson Farms,location 5489
fid_107259,1975.0,,21391.751877,Sanderson Farms,location 5489
fid_24337,,,2039.964074,Kansas Ville Farms,location 5489
fid_38683,1935.0,,3051.027423,Dole Food Company,location 5489
fid_73431,1956.0,,3132.038839,Wayne Farms,location 5489
fid_74109,2005.0,,997.127899,Sanderson Farms,location 5489
fid_68473,2005.0,,898.000398,Sanderson Farms,location 5489
fid_27893,1966.0,,4806.057996,Wayne Farms,location 5489
fid_15917,2011.0,,8420.263405,Del Monte Foods,location 5290
fid_67847,,,3134.825929,Del Monte Foods,location 5290
fid_118986,2010.0,,37904.424,Wayne Farms,location 5290
fid_29916,,,1385.462439,Sanderson Farms,location 5290
fid_98826,1942.0,,7748.1102,Obery Farms,location 5290
fid_100053,,,2043.866,Del Monte Foods,location 5290
fid_88802,1950.0,,6150.1786,Obery Farms,location 5290
fid_51715,,,3673.477523,Sanderson Farms,location 5290
fid_103807,2014.0,,33073.468,Obery Farms,location 5290
fid_50898,2014.0,,5834.3084,Obery Farms,location 5290
fid_32031,,,4754.403928,Del Monte Foods,location 5290
fid_47401,2015.0,,5304.7613,Obery Farms,location 5290
fid_91241,,,1481.80285,Sanderson Farms,location 5290
fid_13035,1900.0,,18051.0529,Sanderson Farms,location 5290
fid_18423,,,802.4032109999999,Wayne Farms,location 5290
fid_38245,1931.0,,4784.5045,Obery Farms,location 5290
fid_70306,,,1010.134319,Del Monte Foods,location 5290
fid_71919,,,467.580799,Del Monte Foods,location 5290
fid_68921,,,192.030501,Sanderson Farms,location 5290
fid_79408,,,2043.866,Del Monte Foods,location 5290
fid_64329,1928.0,,4645.15,Obery Farms,location 5290
fid_77132,,,615.482375,Sanderson Farms,location 5290
fid_26434,,,9643.3314,Obery Farms,location 5290
fid_17065,,,20903.175,Obery Farms,location 5290
fid_105237,,,1917.889532,Sanderson Farms,location 5290
fid_115820,,,7297.53065,Del Monte Foods,location 5290
fid_66472,,,1495.552494,Wayne Farms,location 5290
fid_75971,,,9754.815,Wayne Farms,location 5290
fid_96436,1929.0,,1217.0293,Del Monte Foods,location 5290
fid_16765,,,9801.2665,Obery Farms,location 5290
fid_107984,,,1478.365439,Del Monte Foods,location 5290
fid_122183,1908.0,,3445.121949,Obery Farms,location 5290
fid_52984,1928.0,,26217.226599999998,Obery Farms,location 5290
fid_15950,,,1106.47473,Sanderson Farms,location 5290
fid_81333,1959.0,,5499.8576,Obery Farms,location 5290
fid_33980,,,4231.545844,Sanderson Farms,location 5290
fid_109041,1927.0,,9227.590474999999,Obery Farms,location 5290
fid_87953,1935.0,,4385.0216,Obery Farms,location 5290
fid_60681,,,291.065099,Sanderson Farms,location 5290
fid_90087,,,6038.695,Obery Farms,location 5290
fid_90735,1923.0,,26830.3864,Obery Farms,location 5290
fid_60424,,,8398.431199999999,Obery Farms,location 5290
fid_60981,1962.0,,5564.8897,Obery Farms,location 5290
fid_66310,1960.0,,5304.7613,Obery Farms,location 5290
fid_94408,2010.0,,21274.787,Wayne Farms,location 5290
fid_89554,1923.0,,3994.829,Obery Farms,location 5290
fid_42862,1977.0,,2074.895602,Sanderson Farms,location 5290
fid_122637,1969.0,,2211.370109,Sanderson Farms,location 5290
fid_98866,,,6605.4033,Obery Farms,location 5290
fid_113651,,,171.220229,Sanderson Farms,location 5290
fid_85006,1959.0,,14678.673999999999,Obery Farms,location 5290
fid_100135,,,1432.56426,Dole Food Company,location 5290
fid_18390,,,2043.866,Del Monte Foods,location 5290
fid_112229,1942.0,,7199.9825,Obery Farms,location 5290
fid_89182,,,673.54675,Dole Food Company,location 5290
fid_37071,,,1645.219227,Sanderson Farms,location 5290
fid_27156,1974.0,,7051.3377,Obery Farms,location 5290
fid_96751,1969.0,,982.635031,Del Monte Foods,location 5290
fid_19845,,,4189.739494,Del Monte Foods,location 5290
fid_49585,1944.0,,7785.2714,Obery Farms,location 5290
fid_77172,1910.0,,5472.729924,Obery Farms,location 5290
fid_36819,,,13461.6447,Obery Farms,location 5290
fid_35840,1955.0,,9262.4291,Obery Farms,location 5290
fid_115472,,,7199.9825,Obery Farms,location 5290
fid_86496,1970.0,,16954.7975,Obery Farms,location 5290
fid_48228,,,402.827408,Del Monte Foods,location 5290
fid_50693,,,185.806,Dole Food Company,location 5290
fid_82859,,,7218.5631,Obery Farms,location 5290
fid_86879,,,457.547275,Del Monte Foods,location 5290
fid_54932,1949.0,,6466.0488,Obery Farms,location 5290
fid_62121,1965.0,,1228.549272,Del Monte Foods,location 5290
fid_23862,,,1985.151304,Del Monte Foods,location 5290
fid_70526,2017.0,,6438.1779,Obery Farms,location 5290
fid_88538,,,7785.2714,Obery Farms,location 5290
fid_30948,1922.0,,76141.162031,Foster Farms,location 5290
fid_42451,1963.0,,923.548723,Del Monte Foods,location 5290
fid_90865,,,1912.315352,Sanderson Farms,location 5290
fid_72702,,,1532.8995,Tyson Foods,location 5290
fid_20098,,,597.459193,Del Monte Foods,location 5290
fid_116077,2005.0,,1482.73188,Sanderson Farms,location 5290
fid_78482,,,515.983262,Sanderson Farms,location 5290
fid_49748,1911.0,,4561.5373,Obery Farms,location 5290
fid_63588,1932.0,,4318.503052,Obery Farms,location 5290
fid_74810,1949.0,,32516.05,Dole Food Company,location 5290
fid_55691,1989.0,,79000.437662,Wayne Farms,location 5290
fid_68792,1942.0,,54436.977365,Wayne Farms,location 5290
fid_70295,,,1161.844918,Del Monte Foods,location 5290
fid_16409,1978.0,,3273.994623,Del Monte Foods,location 5290
fid_70099,,,713.030525,Sanderson Farms,location 5290
fid_53133,1927.0,,8835.0753,Obery Farms,location 5290
fid_86615,,,172.613774,Sanderson Farms,location 5290
fid_27552,2002.0,,4457.857552,Obery Farms,location 5290
fid_46201,,,2537.924154,Mountaire Farms,location 5290
fid_95439,,,1275.372384,Wayne Farms,location 5290
fid_59068,1973.0,,1712.388096,Del Monte Foods,location 5290
fid_36991,2003.0,,1603.691586,Sanderson Farms,location 5290
fid_103109,2009.0,,9680.4926,Obery Farms,location 5290
fid_36192,,,2862.34143,Del Monte Foods,location 5290
fid_96543,2014.0,,5310.799995,Obery Farms,location 5290
fid_58508,,,3195.8632,Wayne Farms,location 5290
fid_69416,,,8092.501621,Obery Farms,location 5290
fid_13545,1912.0,,4923.859,Obery Farms,location 5290
fid_94582,1900.0,,5518.4382,Obery Farms,location 5290
fid_14847,2000.0,,329.341135,Sanderson Farms,location 5290
fid_97094,1912.0,,829.159275,Del Monte Foods,location 5290
fid_64733,1980.0,,1557.797504,Del Monte Foods,location 5290
fid_60879,2006.0,,5022.429083,Del Monte Foods,location 5290
fid_38395,,,5778.5666,Obery Farms,location 5290
fid_52915,1939.0,,16722.54,Obery Farms,location 5290
fid_104981,,,1794.421445,Del Monte Foods,location 5290
fid_65842,,,1176.15198,Sanderson Farms,location 5290
fid_89635,,,261.800654,Del Monte Foods,location 5290
fid_19864,1962.0,,4598.6985,Obery Farms,location 5290
fid_48066,,,537.258049,Del Monte Foods,location 5290
fid_35554,1916.0,,7636.6266,Obery Farms,location 5290
fid_38386,,,218.043341,Sanderson Farms,location 5290
fid_41873,2006.0,,30213.634951,Obery Farms,location 5290
fid_68006,1929.0,,1495.552494,Sanderson Farms,location 5290
fid_97071,2016.0,,3576.7655,Obery Farms,location 5290
fid_40726,1924.0,,5956.2900389999995,Obery Farms,location 5290
fid_26373,,,570.331517,Sanderson Farms,location 5290
fid_17291,,,10219.33,Obery Farms,location 5290
fid_57763,2005.0,,1378.587617,Mountaire Farms,location 5290
fid_77764,,,3380.461461,Sanderson Farms,location 5290
fid_28834,,,3839.588087,Obery Farms,location 5290
fid_107721,,,657.660337,Del Monte Foods,location 5290
fid_17623,1978.0,,6466.0488,Obery Farms,location 5290
fid_109740,1926.0,,8000.80636,Sanderson Farms,location 5290
fid_35085,1940.0,,25204.5839,Obery Farms,location 5290
fid_118770,2004.0,,7562.025491,Del Monte Foods,location 5290
fid_70492,,,1047.388422,Sanderson Farms,location 5290
fid_115082,,,810.671578,Del Monte Foods,location 5290
fid_25403,,,90.02300699999999,Sanderson Farms,location 5290
fid_55446,,,3021.855881,Del Monte Foods,location 5290
fid_56541,1983.0,,18843.422587,Mountaire Farms,location 5290
fid_58022,1930.0,,9420.3642,Obery Farms,location 5290
fid_93543,,,1325.632907,Del Monte Foods,location 5290
fid_99209,,,129.692588,Sanderson Farms,location 5290
fid_31572,1930.0,,1108.704402,Del Monte Foods,location 5290
fid_117121,,,2222.053954,Del Monte Foods,location 5290
fid_117333,,,163.50928,Freight Farms,location 5290
fid_26299,,,9587.5896,Del Monte Foods,location 5290
fid_112412,,,2141.878665,Sanderson Farms,location 5290
fid_117190,,,3669.6684999999998,Obery Farms,location 5290
fid_58850,2002.0,,2779.286148,Wayne Farms,location 5290
fid_105821,,,1446.871322,Dole Food Company,location 5290
fid_84765,,,1082.412853,Sanderson Farms,location 5290
fid_42209,,,3396.719486,Del Monte Foods,location 5290
fid_17483,,,5779.031115,Wayne Farms,location 5290
fid_82202,1962.0,,3254.670799,Del Monte Foods,location 5290
fid_19423,,,303.514101,Del Monte Foods,location 5290
fid_80428,1964.0,,6577.5324,Obery Farms,location 5290
fid_46695,1940.0,,10126.427,Obery Farms,location 5290
fid_118177,1960.0,,1202.629335,Del Monte Foods,location 5290
fid_92434,1910.0,,3804.37785,Obery Farms,location 5290
fid_66592,,,4086.988776,Del Monte Foods,location 5290
fid_65705,2011.0,,1994.813216,Del Monte Foods,location 5290
fid_14904,1904.0,,30542.79028,Wayne Farms,location 5290
fid_43422,1900.0,,1703.84102,Dole Food Company,location 5290
fid_72251,1931.0,,10857.759416,Obery Farms,location 5290
fid_109723,,,465.722739,Sanderson Farms,location 5290
fid_71509,1931.0,,14409.2553,Obery Farms,location 5290
fid_73479,1984.0,,2310.962125,Del Monte Foods,location 5290
fid_37636,1932.0,,1539.960128,Del Monte Foods,location 5290
fid_101875,2014.0,,2712.024376,Foster Farms,location 5290
fid_104163,,,1312.254875,Del Monte Foods,location 5290
fid_17235,1932.0,,7404.3691,Obery Farms,location 5290
fid_41249,,,426.331867,Sanderson Farms,location 5290
fid_19406,2004.0,,3413.627832,Sanderson Farms,location 5290
fid_57272,,,1665.472081,Del Monte Foods,location 5290
fid_75209,1959.0,,6447.4682,Obery Farms,location 5290
fid_83989,,,857.123078,Del Monte Foods,location 5290
fid_114270,,,2322.575,Del Monte Foods,location 5290
fid_35874,,,911.935848,Del Monte Foods,location 5290
fid_109089,,,594.5792,Wayne Farms,location 5290
fid_34083,,,2090.3175,Del Monte Foods,location 5290
fid_30532,,,4407.225417,Del Monte Foods,location 5290
fid_100303,,,3716.12,Wayne Farms,location 5290
fid_113215,1913.0,,1211.826732,Del Monte Foods,location 5290
fid_88217,,,2287.086054,Del Monte Foods,location 5290
fid_16071,1956.0,,15793.51,Obery Farms,location 5290
fid_30877,1911.0,,6447.4682,Obery Farms,location 5290
fid_115088,1950.0,,4274.188321,Del Monte Foods,location 5290
fid_24540,1966.0,,943.058353,Del Monte Foods,location 5290
fid_89848,1986.0,,44099.19604,Wayne Farms,location 5290
fid_12724,,,102.379106,Sanderson Farms,location 5290
fid_80473,,,2006.7048,Del Monte Foods,location 5290
fid_36519,1935.0,,2906.284549,Dole Food Company,location 5290
fid_71572,1978.0,,4083.551365,Del Monte Foods,location 5290
fid_84714,,,2787.09,Wayne Farms,location 5290
fid_23583,1976.0,,9689.225482,Obery Farms,location 5290
fid_51123,2013.0,,36603.782,Obery Farms,location 5290
fid_51385,1935.0,,19230.921,Obery Farms,location 5290
fid_32463,,,1672.254,Del Monte Foods,location 5290
fid_99482,2007.0,,2043.866,Del Monte Foods,location 5290
fid_40447,1903.0,,8024.496625,Obery Farms,location 5290
fid_120541,1959.0,,6187.3398,Obery Farms,location 5290
fid_52171,1908.0,,6466.0488,Obery Farms,location 5290
fid_97108,1925.0,,7900.378217,Obery Farms,location 5290
fid_92885,1961.0,,9188.1067,Obery Farms,location 5290
fid_106014,1970.0,,6187.3398,Obery Farms,location 5290
fid_104095,,,18004.6014,Obery Farms,location 5290
fid_54827,2014.0,,26291.549,Obery Farms,location 5290
fid_17175,1959.0,,6763.3384,Obery Farms,location 5290
fid_56754,1968.0,,4412.8925,Obery Farms,location 5290
fid_78699,,,1505.0286,Del Monte Foods,location 5290
fid_62311,,,718.325996,Del Monte Foods,location 5290
fid_29248,,,1378.866326,Sanderson Farms,location 5290
fid_42510,2011.0,,34978.629821,Obery Farms,location 5290
fid_23328,1968.0,,9287.977425,Obery Farms,location 5290
fid_112342,,,6169.130812,Obery Farms,location 5290
fid_119748,,,558.34703,Del Monte Foods,location 5290
fid_116214,,,999.822086,Other,location 5290
fid_36916,,,10454.932008,Mountaire Farms,location 5290
fid_103475,1975.0,,4795.838666,Mountaire Farms,location 5290
fid_76193,,,3195.8632,Other,location 5290
fid_24151,,,5681.111353,Obery Farms,location 5290
fid_46057,,,10431.427549,Other,location 5290
fid_109783,,,982.727934,Other,location 5290
fid_26064,,,425.588643,Del Monte Foods,location 5290
fid_111381,,,1144.193348,Del Monte Foods,location 5290
fid_37625,2010.0,,464.515,Dole Food Company,location 5290
fid_15136,,,10431.427549,Del Monte Foods,location 5290
fid_105669,,,1184.51325,Del Monte Foods,location 5290
fid_49866,1921.0,,5936.5017,Obery Farms,location 5290
fid_107315,,,836.127,Del Monte Foods,location 5290
fid_53722,,,205.31563,Dole Food Company,location 5290
fid_90691,1941.0,,51583.740429,Del Monte Foods,location 5290
fid_117845,1976.0,,42888.391241,Del Monte Foods,location 5290
fid_26658,,,2564.1228,Wayne Farms,location 5290
fid_41988,,,1114.836,Del Monte Foods,location 5290
fid_68542,,,743.224,Wayne Farms,location 5290
fid_28554,,,903.574578,Sanderson Farms,location 5290
fid_72382,,,12459.592942,Del Monte Foods,location 5290
fid_77923,,,841.886986,Del Monte Foods,location 5290
fid_104079,,,709.407308,Del Monte Foods,location 5290
fid_71538,,,872.544976,Del Monte Foods,location 5290
fid_45425,,,1035.218129,Del Monte Foods,location 5290
fid_117383,1908.0,,1348.858657,Del Monte Foods,location 5290
fid_102288,,,13378.032,Del Monte Foods,location 5290
fid_20531,,,6336.263309,Del Monte Foods,location 5290
fid_12718,,,662.677099,Sanderson Farms,location 5290
fid_111370,,,1105.5457,Dole Food Company,location 5290
fid_61379,,,83.426894,Sanderson Farms,location 5290
fid_20225,2010.0,,1393.545,Foster Farms,location 5290
fid_51049,,,182.275686,Sanderson Farms,location 5290
fid_18990,1959.0,,6800.4996,Obery Farms,location 5290
fid_27468,2010.0,,929.03,Southern Confederate Farms,location 5290
fid_17861,,,136.846119,Sanderson Farms,location 5290
fid_86226,1909.0,,8203.3349,Obery Farms,location 5290
fid_102790,,,239.87554599999999,Dole Food Company,location 5290
fid_88905,1969.0,,6215.2107,Obery Farms,location 5290
fid_50493,,,74.415303,Sanderson Farms,location 5290
fid_81937,1972.0,,10293.652399999999,Del Monte Foods,location 5290
fid_86959,1931.0,,2034.854409,Obery Farms,location 5290
fid_82644,1971.0,,37161.2,Del Monte Foods,location 5290
fid_15339,,,2220.660409,Foster Farms,location 5290
fid_113533,2010.0,,911.657139,Foster Farms,location 5290
fid_54972,1968.0,,1184.8848619999999,Del Monte Foods,location 5290
fid_46835,2014.0,,1486.448,Del Monte Foods,location 5290
fid_73285,,,2835.864075,Wayne Farms,location 5290
fid_91323,1936.0,,1868.27933,Del Monte Foods,location 5290
fid_14233,,,3511.7334,Obery Farms,location 5290
fid_109942,,,2432.850861,Sanderson Farms,location 5290
fid_71112,,,2081.0272,Obery Farms,location 5290
fid_57757,2012.0,,41806.35,Foster Farms,location 5290
fid_98867,,,1765.157,Del Monte Foods,location 5290
fid_28547,,,8297.631444999999,Wayne Farms,location 5290
fid_113611,2015.0,,4551.689582,Obery Farms,location 5290
fid_79063,2010.0,,31587.02,Wayne Farms,location 5290
fid_73716,,,27406.385,Wayne Farms,location 5290
fid_20681,2013.0,,21832.204999999998,Obery Farms,location 5290
fid_47000,,,2912.137438,Wayne Farms,location 5290
fid_26265,,,8297.631444999999,Del Monte Foods,location 5290
fid_103413,1954.0,6.0,1423.831378,Obery Farms,location 5833
fid_28132,1957.0,5.0,186.73503,Obery Farms,location 5833
fid_81701,2016.0,8.0,7680.29101,Sanderson Farms,location 5833
fid_88408,1974.0,6.0,1314.57745,Obery Farms,location 5833
fid_107164,1964.0,12.0,7998.1121729999995,Obery Farms,location 5833
fid_120165,1964.0,14.0,17949.045406,Obery Farms,location 5833
fid_105297,1980.0,7.0,4455.070462,Obery Farms,location 5833
fid_28238,1964.0,13.0,8749.140025,Obery Farms,location 5833
fid_70604,1914.0,8.0,2212.484945,Obery Farms,location 5833
fid_53126,1905.0,8.0,5234.433729,Obery Farms,location 5833
fid_93786,1963.0,8.0,3081.313801,West Liberty Foods,location 5833
fid_38973,2014.0,11.0,8032.857895,Obery Farms,location 5833
fid_14944,1958.0,7.0,10552.758867,Obery Farms,location 5833
fid_44156,2004.0,8.0,6688.458582,Dole Food Company,location 5833
fid_77019,1910.0,8.0,722.878243,Obery Farms,location 5833
fid_104667,1960.0,8.0,9663.398448,Obery Farms,location 5833
fid_98403,1930.0,7.0,2137.883836,Dole Food Company,location 5833
fid_98183,1920.0,8.0,1350.995426,Obery Farms,location 5833
fid_56075,1950.0,13.0,19143.034762,Obery Farms,location 5833
fid_94111,1967.0,12.0,12802.590818,Obery Farms,location 5833
fid_80991,1949.0,11.0,12299.799782,Del Monte Foods,location 5833
fid_40681,1917.0,9.0,15469.650142,Del Monte Foods,location 5833
fid_123059,1942.0,9.0,4945.598302,West Liberty Foods,location 5833
fid_34570,1911.0,8.0,2031.416998,Obery Farms,location 5833
fid_60983,1952.0,12.0,28360.313004,Obery Farms,location 5833
fid_114494,1920.0,6.0,791.161948,Obery Farms,location 5833
fid_116275,1932.0,5.0,5511.563378,Sanderson Farms,location 5833
fid_97567,2012.0,11.0,11212.834682,Obery Farms,location 5833
fid_121108,2015.0,10.0,6150.457309,Obery Farms,location 5833
fid_18990,1964.0,11.0,16469.936743,Obery Farms,location 5833
fid_36289,1971.0,18.0,25122.178939,Obery Farms,location 5833
fid_102753,1923.0,8.0,1716.290022,Obery Farms,location 5833
fid_49406,1994.0,8.0,17598.150775,Del Monte Foods,location 5833
fid_76350,1930.0,8.0,6382.529003,Del Monte Foods,location 5833
fid_116800,1954.0,8.0,2415.106388,Obery Farms,location 5833
fid_30215,1917.0,9.0,4104.640346,Obery Farms,location 5833
fid_97118,1903.0,6.0,1106.47473,Sanderson Farms,location 5833
fid_103330,1933.0,10.0,22116.952695,Sanderson Farms,location 5833
fid_53639,2004.0,7.0,2700.039889,Del Monte Foods,location 5833
fid_20058,,7.0,786.238089,Obery Farms,location 5833
fid_105044,1924.0,9.0,4739.91106,Obery Farms,location 5833
fid_107244,1999.0,6.0,2176.903096,Kansas Ville Farms,location 5833
fid_93318,1999.0,6.0,3235.346975,Obery Farms,location 5833
fid_54244,1927.0,7.0,11538.273891,Sanderson Farms,location 5833
fid_12519,1907.0,10.0,13142.151283,Obery Farms,location 5833
fid_29762,1958.0,8.0,2801.95448,Sanderson Farms,location 5833
fid_41852,1966.0,11.0,11903.289778,Obery Farms,location 5833
fid_114492,1917.0,8.0,7158.640665,Obery Farms,location 5833
fid_115708,1995.0,5.0,121.238415,Sanderson Farms,location 5833
fid_82799,1930.0,12.0,17205.6356,Dole Food Company,location 5833
fid_122266,1990.0,11.0,14279.1911,Obery Farms,location 5833
fid_14328,1959.0,10.0,10945.274042,Obery Farms,location 5833
fid_21788,1963.0,15.0,16995.953529,Obery Farms,location 5833
fid_22153,1924.0,9.0,13752.616896,Obery Farms,location 5833
fid_81237,1948.0,10.0,6330.967838,Obery Farms,location 5833
fid_119518,2011.0,13.0,20503.970809,Obery Farms,location 5833
fid_46585,1955.0,5.0,35.953461,Freight Farms,location 5833
fid_50654,1961.0,11.0,11483.925636,Obery Farms,location 5833
fid_66582,1931.0,10.0,4588.293364,Obery Farms,location 5833
fid_45515,1941.0,9.0,4292.490212,Obery Farms,location 5833
fid_117127,1978.0,9.0,5157.602948,Obery Farms,location 5833
fid_83360,1970.0,9.0,12131.366643,Del Monte Foods,location 5833
fid_97301,1953.0,9.0,5261.747211,Obery Farms,location 5833
fid_99437,1958.0,7.0,3781.709518,Obery Farms,location 5833
fid_122841,1931.0,10.0,3793.694005,Obery Farms,location 5833
fid_104295,1948.0,9.0,8678.99826,Obery Farms,location 5833
fid_102520,1906.0,7.0,2186.286299,Obery Farms,location 5833
fid_110260,1959.0,10.0,3836.615191,Obery Farms,location 5833
fid_53014,1989.0,6.0,9154.568717,Freight Farms,location 5833
fid_29387,1910.0,8.0,371.612,Obery Farms,location 5833
fid_121046,1909.0,7.0,661.655166,Obery Farms,location 5833
fid_50737,1909.0,7.0,609.815292,Obery Farms,location 5833
fid_17504,1929.0,7.0,389.170667,Obery Farms,location 5833
fid_88917,1923.0,8.0,733.9337,Obery Farms,location 5833
fid_30319,1964.0,6.0,1349.3231719999999,Obery Farms,location 5833
fid_26016,1966.0,13.0,3361.23054,Sanderson Farms,location 5833
fid_59795,1994.0,12.0,10181.053964,Obery Farms,location 5833
fid_99317,,8.0,2824.344103,Obery Farms,location 5833
fid_104355,1941.0,10.0,10304.707857,Obery Farms,location 5833
fid_116165,1923.0,7.0,24256.137173,Sanderson Farms,location 5833
fid_122058,2006.0,16.0,28273.448699,Obery Farms,location 5833
fid_45184,1923.0,10.0,5456.471899,Obery Farms,location 5833
fid_54932,1942.0,9.0,8078.751977,Dole Food Company,location 5833
fid_54208,2009.0,15.0,14372.651518,Obery Farms,location 5833
fid_81333,1996.0,14.0,10787.989263,Obery Farms,location 5833
fid_29196,1993.0,8.0,6988.906884,Obery Farms,location 5833
fid_73969,2007.0,9.0,28441.32442,Freight Farms,location 5833
fid_36460,1959.0,13.0,14017.854961,Obery Farms,location 5833
fid_89049,1930.0,12.0,39101.479155,Obery Farms,location 5833
fid_90885,1912.0,9.0,4079.37073,Obery Farms,location 5833
fid_105631,1964.0,15.0,20664.785902,Obery Farms,location 5833
fid_90348,1976.0,5.0,535.957407,Other,location 6364
fid_121431,1966.0,7.0,10133.023113,Obery Farms,location 6364
fid_97487,1976.0,6.0,2886.960725,Sanderson Farms,location 6364
fid_104766,1976.0,6.0,1421.973318,Sanderson Farms,location 6364
fid_34324,1976.0,5.0,506.042641,Sanderson Farms,location 6364
fid_32920,1976.0,6.0,689.990581,Sanderson Farms,location 6364
fid_73122,1976.0,6.0,1187.021631,Sanderson Farms,location 6364
fid_15823,1976.0,6.0,5313.029667,Sanderson Farms,location 6364
fid_20229,1976.0,6.0,4597.955276,Sanderson Farms,location 6364
fid_89261,1966.0,5.0,815.038019,Sanderson Farms,location 6364
fid_79270,1976.0,5.0,1119.016635,Sanderson Farms,location 6364
fid_31823,1966.0,6.0,1459.970645,Sanderson Farms,location 6364
fid_99359,1976.0,6.0,4391.989325,Sanderson Farms,location 6364
fid_76235,1976.0,5.0,442.961504,Sanderson Farms,location 6364
fid_116054,1966.0,5.0,1716.011313,Foster Farms,location 6364
fid_90187,1976.0,7.0,705.040867,Dole Food Company,location 6364
fid_12397,1919.0,6.0,587.983087,Monogram Foods,location 6364
fid_90291,1976.0,6.0,3373.029221,Sanderson Farms,location 6364
fid_114264,1976.0,12.0,13907.950712,Sanderson Farms,location 6364
fid_54043,1976.0,5.0,357.955259,Monogram Foods,location 6364
fid_30220,1976.0,6.0,8426.023391,Monogram Foods,location 6364
fid_37298,1919.0,6.0,657.010016,Del Monte Foods,location 6364
fid_59158,1976.0,10.0,5664.946231,Del Monte Foods,location 6364
fid_71910,1976.0,7.0,4031.9902,Del Monte Foods,location 6364
fid_23332,1976.0,6.0,915.001647,Del Monte Foods,location 6364
fid_41964,1919.0,7.0,3889.012483,Del Monte Foods,location 6364
fid_60232,,9.0,5960.006159,Sanderson Farms,location 6364
fid_109824,1976.0,6.0,431.99895,Wayne Farms,location 6364
fid_22249,1919.0,7.0,14165.013313,Wayne Farms,location 6364
fid_37333,1976.0,9.0,25086.968702,Wayne Farms,location 6364
fid_102156,1976.0,6.0,1133.974018,Wayne Farms,location 6364
fid_33620,1976.0,8.0,3365.039563,Wayne Farms,location 6364
fid_38756,1966.0,6.0,4859.0127059999995,Wayne Farms,location 6364
fid_71884,1976.0,5.0,1062.996126,Wayne Farms,location 6364
fid_34440,1945.0,6.0,1805.012387,Wayne Farms,location 6364
fid_86911,1976.0,5.0,3962.034241,Wayne Farms,location 6364
fid_49553,1976.0,6.0,688.968648,Wayne Farms,location 6364
fid_13363,1976.0,7.0,5335.976708,Wayne Farms,location 6364
fid_95812,1976.0,8.0,2844.039539,Obery Farms,location 6364
fid_66846,1976.0,7.0,11247.022986,Obery Farms,location 6364
fid_54778,1976.0,6.0,1768.966023,Obery Farms,location 6364
fid_109206,1919.0,6.0,1737.007391,Obery Farms,location 6364
fid_45384,1976.0,5.0,1294.974917,Obery Farms,location 6364
fid_45083,1945.0,7.0,8710.956892,Obery Farms,location 6364
fid_55183,1976.0,5.0,1065.039992,Obery Farms,location 6364
fid_32248,1966.0,8.0,11954.943846,Obery Farms,location 6364
fid_77795,1966.0,6.0,2252.990653,Obery Farms,location 6364
fid_57039,1966.0,5.0,3211.006389,Obery Farms,location 6364
fid_111782,1966.0,5.0,1583.99615,Obery Farms,location 6364
fid_40459,1976.0,5.0,2192.975315,Obery Farms,location 6364
fid_73953,1919.0,6.0,2572.019555,Obery Farms,location 6364
fid_82661,1976.0,5.0,1047.01681,Obery Farms,location 6364
fid_15268,1945.0,8.0,9515.961387,Obery Farms,location 6364
fid_95519,1976.0,6.0,2142.993501,Obery Farms,location 6364
fid_32697,1919.0,8.0,1123.011464,Obery Farms,location 6364
fid_33065,1976.0,5.0,1432.006842,Obery Farms,location 6364
fid_15770,1976.0,5.0,2132.030947,Obery Farms,location 6364
fid_95371,1976.0,6.0,1391.036619,Obery Farms,location 6364
fid_102320,1976.0,5.0,811.04319,Obery Farms,location 6364
fid_21504,1976.0,6.0,2150.983159,Obery Farms,location 6364
fid_88621,1919.0,7.0,3462.030295,Obery Farms,location 6364
fid_53319,1976.0,6.0,2678.021878,Obery Farms,location 6364
fid_107229,1919.0,6.0,2403.028998,Obery Farms,location 6364
fid_70617,1919.0,6.0,2635.007789,Obery Farms,location 6364
fid_37818,1919.0,6.0,1691.020406,Obery Farms,location 6364
fid_30097,1966.0,7.0,11285.020312999999,Obery Farms,location 6364
fid_119887,1966.0,7.0,2938.986405,Obery Farms,location 6364
fid_65371,1966.0,8.0,14868.010314,Obery Farms,location 6364
fid_101271,1976.0,6.0,8254.988968,Obery Farms,location 6364
fid_51790,1919.0,5.0,1281.039467,Obery Farms,location 6364
fid_30973,1945.0,6.0,11200.943098,Obery Farms,location 6364
fid_72700,1976.0,7.0,12924.015039,Obery Farms,location 6364
fid_98025,1966.0,6.0,2814.9609,Obery Farms,location 6364
fid_101551,1919.0,6.0,1597.0025699999999,Obery Farms,location 6364
fid_64922,1966.0,8.0,11709.958634999999,Obery Farms,location 6364
fid_122564,1919.0,6.0,2708.029547,Obery Farms,location 6364
fid_70340,1976.0,5.0,6148.970861,Obery Farms,location 6364
fid_75245,1966.0,7.0,9004.994887,Obery Farms,location 6364
fid_25477,1919.0,5.0,2619.028473,Obery Farms,location 6364
fid_33405,2013.0,6.0,14474.937721,Obery Farms,location 6364
fid_71910,1976.0,7.0,8794.012174,Obery Farms,location 6364
fid_19705,1976.0,5.0,1374.03537,Obery Farms,location 6364
fid_90721,1966.0,8.0,8866.011999,Obery Farms,location 6364
fid_99136,1966.0,6.0,12731.984538,Obery Farms,location 6364
fid_111424,1976.0,5.0,3527.991425,Obery Farms,location 6364
fid_57647,1966.0,5.0,1302.964575,Obery Farms,location 6364
fid_66906,1976.0,6.0,2957.009587,Sanderson Farms,location 6364
fid_26227,1976.0,6.0,1132.0230549999999,Sanderson Farms,location 6364
fid_53568,1919.0,9.0,4518.987726,Sanderson Farms,location 6364
fid_69851,,,1255.305336,Obery Farms,location 565
fid_14525,,,1661.012737,Wayne Farms,location 565
fid_28094,,,2836.421493,Obery Farms,location 565
fid_71670,,,3044.059698,Wayne Farms,location 565
fid_37039,,,3338.562208,Dole Food Company,location 565
fid_93088,,,3343.57897,Obery Farms,location 565
fid_89323,,,3482.468955,Wayne Farms,location 565
fid_109189,,,3592.651913,Del Monte Foods,location 565
fid_55782,,,3675.056874,Obery Farms,location 565
fid_75161,,,3840.331311,Wayne Farms,location 565
fid_106446,,,3913.910487,Wayne Farms,location 565
fid_12459,,,4120.433856,Dole Food Company,location 565
fid_40374,,,4349.068139,Obery Farms,location 565
fid_44416,,,4367.091321,Dole Food Company,location 565
fid_54037,,,4507.560657,Dole Food Company,location 565
fid_105256,,,4644.22097,Wayne Farms,location 565
fid_53970,,,4880.566202,Sanderson Farms,location 565
fid_97826,,,4984.338853,Obery Farms,location 565
fid_98608,,,5072.225091,Wayne Farms,location 565
fid_77722,,,5416.895221,Obery Farms,location 565
fid_50234,,,5440.585486,Sanderson Farms,location 565
fid_53574,,,6021.7866539999995,Wayne Farms,location 565
fid_32941,,,6507.111926,Wayne Farms,location 565
fid_104718,,,7054.031887,Obery Farms,location 565
fid_86484,,,7177.964489,Obery Farms,location 565
fid_36575,,,7462.433475,Obery Farms,location 565
fid_72922,,,7702.680633,Dole Food Company,location 565
fid_20282,,,8143.969883,Dole Food Company,location 565
fid_103479,,,8669.057639,Dole Food Company,location 565
fid_95704,,,8686.4305,Dole Food Company,location 565
fid_110894,,,9694.892565,Wayne Farms,location 565
fid_106666,,,9723.878301,Wayne Farms,location 565
fid_69291,,,9828.301273,Dole Food Company,location 565
fid_121183,,,10065.018117,Sanderson Farms,location 565
fid_18517,,,10498.039,Dole Food Company,location 565
fid_26372,,,11226.026908,Obery Farms,location 565
fid_102059,,,11895.671732,Dole Food Company,location 565
fid_74840,,,12016.445631999999,Obery Farms,location 565
fid_60652,,,13295.34833,Sanderson Farms,location 565
fid_16507,,,17727.471751,Obery Farms,location 565
fid_94076,,,23225.75,Obery Farms,location 565
fid_24451,,,23876.071,Obery Farms,location 565
fid_62425,,,25900.891885,Dole Food Company,location 565
fid_77850,,,37324.058959,Del Monte Foods,location 565
fid_92990,1923.0,5.0,5999.954449,Obery Farms,location 4525
fid_43998,1911.0,12.0,7999.970233,Obery Farms,location 4525
fid_54695,,9.0,14000.017585,Obery Farms,location 4525
fid_80293,1938.0,7.0,30999.965943,Obery Farms,location 4525
fid_40785,1964.0,10.0,14000.017585,Obery Farms,location 4525
fid_51401,1969.0,15.0,67999.886335,Obery Farms,location 4525
fid_111030,1960.0,10.0,35999.9125,Obery Farms,location 4525
fid_93081,1965.0,6.0,20999.979926,Obery Farms,location 4525
fid_71961,1979.0,17.0,70999.910011,Obery Farms,location 4525
fid_42338,1970.0,25.0,37999.928284,Obery Farms,location 4525
fid_39121,1976.0,30.0,48999.922193,Obery Farms,location 4525
fid_65870,1955.0,6.0,5999.954449,Obery Farms,location 4525
fid_55346,1952.0,9.0,44999.983528,Obery Farms,location 4525
fid_39260,1995.0,23.0,26999.934375,Obery Farms,location 4525
fid_118135,1962.0,7.0,16999.948358,Obery Farms,location 4525
fid_68983,,5.0,16315.439054,Wayne Farms,location 5677
fid_90038,,5.0,297.2896,Sanderson Farms,location 5677
fid_30297,,6.0,2665.665779,Other,location 5677
fid_101478,,5.0,278.709,Sanderson Farms,location 5677
fid_44945,,5.0,869.293371,Other,location 5677
fid_31715,,5.0,48.30956,Sanderson Farms,location 5677
fid_106610,,5.0,346.435287,Sanderson Farms,location 5677
fid_87762,,5.0,450.39374399999997,Del Monte Foods,location 5677
fid_64345,,5.0,919.182282,Sanderson Farms,location 5677
fid_16801,,5.0,523.04389,Del Monte Foods,location 5677
fid_92250,,5.0,406.079013,Del Monte Foods,location 5677
fid_110127,,5.0,61.873398,Sanderson Farms,location 5677
fid_17087,,5.0,33.073468,Sanderson Farms,location 5677
fid_73978,,5.0,91.416552,Sanderson Farms,location 5677
fid_93548,,5.0,338.910144,Del Monte Foods,location 5677
fid_63064,,5.0,590.026953,Del Monte Foods,location 5677
fid_25908,,5.0,60.201144,Sanderson Farms,location 5677
fid_24774,,5.0,237.367165,Other,location 5677
fid_68792,,5.0,34.002498,Sanderson Farms,location 5677
fid_30408,,5.0,3275.109459,Del Monte Foods,location 5677
fid_56150,,5.0,726.50146,Del Monte Foods,location 5677
fid_67195,,5.0,333.707576,Del Monte Foods,location 5677
fid_30504,,5.0,1806.591738,Del Monte Foods,location 5677
fid_77942,,5.0,542.460617,Wayne Farms,location 5677
fid_65292,,5.0,9568.451582,Other,location 5677
fid_117913,,5.0,1475.206737,Mountaire Farms,location 5677
fid_120435,,5.0,1404.69336,Mountaire Farms,location 5677
fid_17419,,5.0,377.650695,Sanderson Farms,location 5677
fid_115489,,5.0,2462.579821,Del Monte Foods,location 5677
fid_107483,,5.0,593.835976,Del Monte Foods,location 5677
fid_62295,,5.0,458.383402,Del Monte Foods,location 5677
fid_100594,,5.0,1599.78966,Sanderson Farms,location 5677
fid_22681,,5.0,758.831704,Del Monte Foods,location 5677
fid_84970,,5.0,3088.653138,Del Monte Foods,location 5677
fid_15925,,5.0,1710.715842,Del Monte Foods,location 5677
fid_41831,,5.0,1314.57745,Wayne Farms,location 5677
fid_119180,,5.0,3889.012483,Other,location 5677
fid_52066,,5.0,527.68904,Wayne Farms,location 5677
fid_26957,,5.0,677.448676,Del Monte Foods,location 5677
fid_12849,,5.0,499.81813999999997,Sanderson Farms,location 5677
fid_19553,,5.0,645.118432,Sanderson Farms,location 5677
fid_55217,,5.0,79.89658,Sanderson Farms,location 5677
fid_36407,,5.0,44.686343,Sanderson Farms,location 5677
fid_122023,,5.0,864.276609,Sanderson Farms,location 5677
fid_93233,,5.0,794.506456,Wayne Farms,location 5677
fid_122415,,5.0,599.038544,Del Monte Foods,location 5677
fid_75965,,5.0,2656.09677,Del Monte Foods,location 5677
fid_123202,,5.0,1549.807846,Del Monte Foods,location 5677
fid_76981,,5.0,1003.3524,Del Monte Foods,location 5677
fid_22969,,5.0,2461.464985,Sanderson Farms,location 5677
fid_107795,,5.0,8573.832064,Sanderson Farms,location 5677
fid_46644,,5.0,4487.2149,Wayne Farms,location 5677
fid_89219,,5.0,274.621268,Sanderson Farms,location 5677
fid_64718,,5.0,371.612,Sanderson Farms,location 5677
fid_39386,,5.0,145.486098,Other,location 5677
fid_32688,,5.0,371.612,Del Monte Foods,location 5677
fid_58591,,5.0,1138.8978769999999,Other,location 5677
fid_65374,,5.0,397.253228,Other,location 5677
fid_24164,,5.0,2567.83892,Other,location 5677
fid_81056,,5.0,1841.616169,Del Monte Foods,location 5677
fid_13794,,5.0,1540.703352,Del Monte Foods,location 5677
fid_94334,,5.0,945.195122,Del Monte Foods,location 5677
fid_72447,,5.0,945.195122,Del Monte Foods,location 5677
fid_92240,,5.0,6123.515439,Del Monte Foods,location 5677
fid_91919,,5.0,5574.18,Del Monte Foods,location 5677
fid_112803,,5.0,81290.125,Sanderson Farms,location 5677
fid_35936,,5.0,70.141765,Sanderson Farms,location 5677
fid_53336,,5.0,142.699008,Sanderson Farms,location 5677
fid_64862,,5.0,336.959181,Del Monte Foods,location 5677
fid_67825,,5.0,3729.312226,Wayne Farms,location 5677
fid_27536,,,16890.229915,Wayne Farms,location 8421
fid_71637,,,16509.606324,Dole Food Company,location 8421
fid_42461,,,5131.96172,Obery Farms,location 8421
fid_27259,,,743.595612,Wayne Farms,location 8421
fid_40771,,,3831.412623,Dole Food Company,location 8421
fid_112141,,,10241.162205,Obery Farms,location 8421
fid_93113,,,14652.939869,Obery Farms,location 8421
fid_19287,,,32032.768594,Sanderson Farms,location 8421
fid_44988,,,3636.502129,Obery Farms,location 8421
fid_65077,,,37099.047893,Obery Farms,location 8421
fid_86023,,,3585.869994,Obery Farms,location 8421
fid_39845,,,3780.873391,Dole Food Company,location 8421
fid_62196,,,6484.536497,Obery Farms,location 8421
fid_65134,,,6480.355862,Dole Food Company,location 8421
fid_118962,,,12776.206366,Sanderson Farms,location 8421
fid_83887,,,11712.931531,Obery Farms,location 8421
fid_34814,,,18853.456111,Obery Farms,location 8421
fid_56170,,,4723.745938,Obery Farms,location 8421
fid_53763,,,44779.153097,Northland Organic Foods Corporation,location 8421
fid_25508,,,4384.185473,Obery Farms,location 8421
fid_58087,,,9434.764165,Obery Farms,location 8421
fid_63700,,,5117.747561,Obery Farms,location 8421
fid_86746,,,22820.414211,Obery Farms,location 8421
fid_44929,,,3509.410825,Obery Farms,location 8421
fid_118397,,,6015.376347,Del Monte Foods,location 8421
fid_47712,,,20904.475642,Obery Farms,location 8421
fid_91097,,,10370.111569,Obery Farms,location 8421
fid_74792,,,10008.44019,Obery Farms,location 8421
fid_55194,,,1352.760583,Obery Farms,location 8421
fid_52160,,,25621.997079,Obery Farms,location 8421
fid_100954,,,2783.466783,Obery Farms,location 8421
fid_93175,,,3683.4181439999998,Dole Food Company,location 8421
fid_94342,,,3683.511047,Dole Food Company,location 8421
fid_67556,,,4140.129292,Sanderson Farms,location 8421
fid_85110,,,8477.770362,Obery Farms,location 8421
fid_101262,,,6142.839263,Sanderson Farms,location 8421
fid_16989,,,5583.098688,Wayne Farms,location 8421
fid_95045,,,22263.089114,Obery Farms,location 8421
fid_75315,,,4882.888777,Obery Farms,location 8421
fid_14830,,,46789.109502,Sanderson Farms,location 8421
fid_71599,,,21365.181619,Obery Farms,location 8421
fid_30035,,,19058.214323,Obery Farms,location 8421
fid_52107,,,4810.331534,Obery Farms,location 8421
fid_104478,,,22083.228906,Obery Farms,location 8421
fid_39731,,,5631.872763,Obery Farms,location 8421
fid_65464,,,2901.639399,Obery Farms,location 8421
fid_94748,,,7954.633569,Obery Farms,location 8421
fid_81477,,,24355.636286,Sanderson Farms,location 8421
fid_14114,,,13675.786115,Obery Farms,location 8421
fid_44370,,,2321.831776,Obery Farms,location 8421
fid_120357,,,23436.454004,Sanderson Farms,location 8421
fid_117474,,,5054.387715,Obery Farms,location 8421
fid_108196,,,2418.543799,Obery Farms,location 8421
fid_46704,,,69275.072913,Dole Food Company,location 8421
fid_40441,,,16640.320845,Obery Farms,location 8421
fid_59080,,,18546.040084,Obery Farms,location 8421
fid_48661,,,1943.252051,Wayne Farms,location 8421
fid_23905,,,20071.69315,Obery Farms,location 8421
fid_95605,,,21733.449110999998,Dole Food Company,location 8421
fid_115178,,,791.998075,Wayne Farms,location 8421
fid_94443,,,15849.902121,Sanderson Farms,location 8421
fid_16089,,,1498.989905,Wayne Farms,location 8421
fid_51475,,,1054.44905,Dole Food Company,location 8421
fid_49485,,,961.174438,Dole Food Company,location 8421
fid_50541,,,1043.021981,Dole Food Company,location 8421
fid_103007,,,747.962053,Dole Food Company,location 8421
fid_29178,,,750.563337,Dole Food Company,location 8421
fid_36617,,,750.563337,Dole Food Company,location 8421
fid_69618,,,5326.500602,Dole Food Company,location 8421
fid_18285,,,527.874846,Sanderson Farms,location 8421
fid_31890,,,36198.817823,Northland Organic Foods Corporation,location 8421
fid_23372,,,30885.323641,Wayne Farms,location 8421
fid_83991,,,16463.898048,Obery Farms,location 8421
fid_102009,,,8512.608987,Obery Farms,location 8421
fid_74808,,,1892.6199159999999,Sanderson Farms,location 8421
fid_48227,,,8062.679758,Dole Food Company,location 8421
fid_51048,,,1491.2789559999999,Sanderson Farms,location 8421
fid_122830,,,9654.851372,Wayne Farms,location 8421
fid_53402,,,20255.083672,Obery Farms,location 8421
fid_50271,,,52377.039146,Sanderson Farms,location 8421
fid_38963,,,28356.225272,Obery Farms,location 8421
fid_105413,,,18440.130664,Obery Farms,location 8421
fid_73641,,,8005.172801,Wayne Farms,location 8421
fid_12363,,,10330.349085,Obery Farms,location 8421
fid_79878,,,21815.389557,Sanderson Farms,location 8421
fid_76806,,,11941.380008,Obery Farms,location 8421
fid_12817,,,5215.295711,Obery Farms,location 8421
fid_55845,,,14481.905446,Obery Farms,location 8421
fid_52755,,,45791.702894,Del Monte Foods,location 8421
fid_79200,,,4160.567952,Dole Food Company,location 8421
fid_116635,,,12130.995031,Obery Farms,location 8421
fid_113848,,,4188.624658,Dole Food Company,location 8421
fid_67912,,,36560.11759,Obery Farms,location 8421
fid_101726,,,11079.797586,Sanderson Farms,location 8421
fid_103967,,,14306.969097,Obery Farms,location 8421
fid_114713,,,17997.447869,Obery Farms,location 8421
fid_110813,,,32149.640568,Northland Organic Foods Corporation,location 8421
fid_16795,,,27992.324221,Dole Food Company,location 8421
fid_28856,,,26212.767256,Obery Farms,location 8421
fid_24620,,,18019.46588,Wayne Farms,location 8421
fid_82215,,,17333.098516,Obery Farms,location 8421
fid_75865,,,39620.528216,Sanderson Farms,location 8421
fid_19159,,,5527.542694,Obery Farms,location 8421
fid_110622,,,820.983811,Wayne Farms,location 8421
fid_96320,,,24014.589373,Obery Farms,location 8421
fid_48297,,,4864.122371,Sanderson Farms,location 8421
fid_15467,,,3234.789557,Sanderson Farms,location 8421
fid_59115,,,15519.910665,Obery Farms,location 8421
fid_36915,,,34691.466648,Northland Organic Foods Corporation,location 8421
fid_70873,,,11345.500166,Sanderson Farms,location 8421
fid_47972,,,19904.653556,Northland Organic Foods Corporation,location 8421
fid_44002,,,3229.122474,Wayne Farms,location 8421
fid_66618,,,3165.391016,Wayne Farms,location 8421
fid_115119,,,15458.594685,Obery Farms,location 8421
fid_24203,,,2272.686089,Wayne Farms,location 8421
fid_39658,,,15672.364488,Obery Farms,location 8421
fid_107914,,,7705.281917,Wayne Farms,location 8421
fid_104459,,,5370.815333,Obery Farms,location 8421
fid_56088,,,4782.925149,Wayne Farms,location 8421
fid_17206,,,39822.592241,Obery Farms,location 8421
fid_25038,,,10069.941976,Obery Farms,location 8421
fid_74315,,,4294.90569,Obery Farms,location 8421
fid_99047,,,7212.245696,Obery Farms,location 8421
fid_39141,,,3546.386219,Wayne Farms,location 8421
fid_94996,,5.0,16116.719536999999,Obery Farms,location 1784
fid_89282,,6.0,10551.92274,Obery Farms,location 1784
fid_51645,,6.0,11254.826837999999,Obery Farms,location 1784
fid_51334,,5.0,416.391246,Other,location 1784
fid_62008,,5.0,15047.406007,Sanderson Farms,location 1784
fid_77688,,7.0,8802.652152999999,Obery Farms,location 1784
fid_88272,,6.0,6957.134058,Obery Farms,location 1784
fid_55448,,5.0,2445.671475,Wayne Farms,location 1784
fid_68852,,5.0,2503.550044,Wayne Farms,location 1784
fid_27318,,6.0,3895.701499,Wayne Farms,location 1784
fid_107641,,6.0,6913.84126,Obery Farms,location 1784
fid_45067,,6.0,2033.832476,Obery Farms,location 1784
fid_15832,,5.0,1060.859357,Wayne Farms,location 1784
fid_22202,,8.0,6052.073032,Obery Farms,location 1784
fid_28813,,6.0,2147.174136,Obery Farms,location 1784
fid_116743,,7.0,6259.525431,Obery Farms,location 1784
fid_17698,,7.0,4003.561882,Wayne Farms,location 1784
fid_66685,,5.0,428.004121,Other,location 1784
fid_44143,,5.0,938.599009,Other,location 1784
fid_122962,,10.0,10150.860489,West Liberty Foods,location 1784
fid_83468,,6.0,17357.99652,Obery Farms,location 1784
fid_20948,,9.0,3696.424564,Sanderson Farms,location 1784
fid_96051,,6.0,2053.249203,Sanderson Farms,location 1784
fid_66161,,6.0,19859.131086,Sanderson Farms,location 1784
fid_27285,,6.0,7835.996438,Obery Farms,location 1784
fid_22512,,6.0,8173.234328,Obery Farms,location 1784
fid_63398,,6.0,5003.291065,Obery Farms,location 1784
fid_116101,,6.0,4834.114702,Dole Food Company,location 1784
fid_67562,,5.0,8220.05744,Dole Food Company,location 1784
fid_113732,,6.0,3294.8048949999998,Dole Food Company,location 1784
fid_74945,,,7561.37517,Obery Farms,location 868
fid_36739,,,14173.188777,Obery Farms,location 868
fid_112848,,,6320.19109,Obery Farms,location 868
fid_58769,,,8659.117018,Obery Farms,location 868
fid_117010,,,11857.395696,Obery Farms,location 868
fid_102923,,,11007.983567,Obery Farms,location 7048
fid_70718,,5.0,362.972021,Tyson Foods,location 7048
fid_103336,,,1354.990255,Wayne Farms,location 7048
fid_77539,,,5035.992921,Wayne Farms,location 7048
fid_23399,,,818.010915,Obery Farms,location 7048
fid_26190,,,913.979714,West Liberty Foods,location 7048
fid_51180,,7.0,2802.976413,Obery Farms,location 7048
fid_118958,,,11794.96488,Wayne Farms,location 7048
fid_69250,,,750.005919,Obery Farms,location 7048
fid_56262,,,2745.004941,Wayne Farms,location 7048
fid_29387,,,2590.971767,Wayne Farms,location 7048
fid_38096,,8.0,13997.973719,Obery Farms,location 7048
fid_97894,,,3115.03759,Wayne Farms,location 7048
fid_43629,,,18706.01905,Obery Farms,location 7048
fid_68570,,,23499.999656,Del Monte Foods,location 7048
fid_90098,,,25604.99583,Obery Farms,location 7048
fid_113142,,,8769.950297,Obery Farms,location 7048
fid_110977,,6.0,4690.951179,Wayne Farms,location 7048
fid_110586,,5.0,2639.002618,Obery Farms,location 7048
fid_54607,,6.0,4208.970415,Tyson Foods,location 7048
fid_55355,,,2005.032546,Wayne Farms,location 7048
fid_117007,,8.0,19044.929194,Obery Farms,location 7048
fid_51514,,8.0,8055.990742,Obery Farms,location 7048
fid_34945,,,6778.017074,Obery Farms,location 7048
fid_25088,,8.0,2450.0379159999998,Obery Farms,location 7048
fid_22441,,,7835.996438,Obery Farms,location 7048
fid_48912,,,10794.027958,Sanderson Farms,location 7048
fid_97414,,,6670.992818,Sanderson Farms,location 7048
fid_21367,,,4107.984854,Tyson Foods,location 7048
fid_109155,,,6117.012229,Obery Farms,location 7048
fid_32096,,,5402.959771,Obery Farms,location 7048
fid_19004,,,12189.988436,Obery Farms,location 7048
fid_99826,,,1128.957256,Wayne Farms,location 7048
fid_71524,,,5183.9874,Obery Farms,location 7048
fid_60014,,,11678.000003,Obery Farms,location 7048
fid_37860,,,10493.951268,Obery Farms,location 7048
fid_49155,,,1938.328192,Wayne Farms,location 2532
fid_120731,,,21437.088541,Dole Food Company,location 2532
fid_116612,,,964.797655,Wayne Farms,location 2532
fid_60148,,,28335.415,Foster Farms,location 2532
fid_82299,,,18033.494233,Wayne Farms,location 2532
fid_58243,,,8348.077774,Wayne Farms,location 2532
fid_94868,,,6754.884227,Wayne Farms,location 2532
fid_122174,,,10874.667762,Dole Food Company,location 2532
fid_35923,,,1807.334962,Sanderson Farms,location 2532
fid_44028,,,7472.931514,Sanderson Farms,location 2532
fid_97368,,,1317.829055,Obery Farms,location 2532
fid_55876,,,19241.604845,Obery Farms,location 2532
fid_82364,,,1065.59741,Monogram Foods,location 2532
fid_99055,,,5332.074782,Wayne Farms,location 2532
fid_19642,,,9365.830139,Obery Farms,location 2532
fid_71750,,,11419.822566,Wayne Farms,location 2532
fid_121972,,,5423.398431,Obery Farms,location 2532
fid_45834,,,13375.523619,Wayne Farms,location 2532
fid_40129,,,5255.4298069999995,Wayne Farms,location 2532
fid_115807,,,26718.345382,Obery Farms,location 2532
fid_119167,,,5837.745811,Wayne Farms,location 2532
fid_38789,,,28339.781441,Wayne Farms,location 2532
fid_21378,,,21678.078923,Dole Food Company,location 2532
fid_98366,,,9770.329801,Wayne Farms,location 2532
fid_98824,,,4420.138934,Wayne Farms,location 2532
fid_23693,,,6582.363356,Wayne Farms,location 2532
fid_85080,,,2996.679168,Obery Farms,location 2532
fid_113171,,,7782.670116,Freight Farms,location 2532
fid_88128,,,14636.403135,Wayne Farms,location 2532
fid_62756,,,12239.505735,Wayne Farms,location 2532
fid_72059,,,30925.922252,Obery Farms,location 2532
fid_37863,,,16250.964372,Dole Food Company,location 2532
fid_31236,,,6683.070208,Wayne Farms,location 2532
fid_23435,,,8099.9338609999995,Wayne Farms,location 2532
fid_37221,,,2220.660409,Other,location 2532
fid_77689,,,18554.772966,Del Monte Foods,location 2532
fid_44638,,,3085.773145,Perdue Farms,location 2532
fid_83176,,,8556.273397,Wayne Farms,location 2532
fid_104979,,,17103.256494,Obery Farms,location 2532
fid_40333,,,63138.179442,Freight Farms,location 2532
fid_40776,,,9493.850473,Wayne Farms,location 2532
fid_78330,,,2521.851935,Wayne Farms,location 2532
fid_87149,,,6302.446617,Wayne Farms,location 2532
fid_51966,,,17695.327313,Wayne Farms,location 2532
fid_76795,,,3103.053103,Wayne Farms,location 2532
fid_121234,,,6021.04343,Other,location 2532
fid_42069,,,3904.527284,Northland Organic Foods Corporation,location 2532
fid_13348,,,1085.199943,Northland Organic Foods Corporation,location 2532
fid_120650,,,10351.623872,Wayne Farms,location 2532
fid_59198,,,2501.506178,Northland Organic Foods Corporation,location 2532
fid_114982,,,11102.744627,Wayne Farms,location 2532
fid_35267,,,6506.92612,Northland Organic Foods Corporation,location 2532
fid_15562,,,7964.759996,Obery Farms,location 2532
fid_35082,,,7837.761595,Wayne Farms,location 2532
fid_27111,,,8639.421582,Wayne Farms,location 2532
fid_74816,,,14241.936997,Dole Food Company,location 2532
fid_56394,,,25222.421276,Freight Farms,location 2532
fid_39723,,,6719.859796,Obery Farms,location 2532
fid_75919,,,8094.731293,Wayne Farms,location 2532
fid_33145,,,5453.684809,Wayne Farms,location 2532
fid_26176,,,12365.3893,Wayne Farms,location 2532
fid_90029,,,26033.743175,Obery Farms,location 2532
fid_44572,,,2365.589089,Wayne Farms,location 2532
fid_53348,,,9655.037178,Wayne Farms,location 2532
fid_33307,,,7646.102706,Wayne Farms,location 2532
fid_24688,,,14209.142238,Wayne Farms,location 2532
fid_107809,,,13971.960879,Obery Farms,location 2532
fid_122174,,,7411.987146,Wayne Farms,location 2532
fid_93547,,,2550.373156,Wayne Farms,location 2532
fid_98197,,,3715.005164,Obery Farms,location 2532
fid_55544,,,31275.79495,Wayne Farms,location 2532
fid_122605,,,14537.740149,Obery Farms,location 2532
fid_104610,,,1949.662358,Freight Farms,location 2532
fid_50459,,,9635.713354,Wayne Farms,location 2532
fid_79884,,,8975.544636,Wayne Farms,location 2532
fid_53126,,,14150.241736,Wayne Farms,location 2532
fid_36062,,,3270.278503,Monogram Foods,location 2532
fid_28178,,,7725.348965,Del Monte Foods,location 2532
fid_40943,,,21783.523828,Sanderson Farms,location 2532
fid_87357,,,80038.164172,Wayne Farms,location 2532
fid_26468,,,27312.55297,Wayne Farms,location 2532
fid_97878,,,18212.982829,Wayne Farms,location 2532
fid_96786,,,24854.897008,Wayne Farms,location 2532
fid_83417,,,11042.264774,Wayne Farms,location 2532
fid_77547,,,8310.730768,West Liberty Foods,location 2532
fid_63777,,,24355.078868,Dole Food Company,location 2532
fid_52972,,,1770.638277,Mountaire Farms,location 2532
fid_26064,,,24153.758067,Obery Farms,location 2532
fid_44214,,,3447.351621,Obery Farms,location 2532
fid_72338,,,27388.919236,Del Monte Foods,location 2532
fid_37988,,,62385.014821,Wayne Farms,location 2532
fid_104759,,,7451.285115,Wayne Farms,location 2532
fid_23979,,,4931.012531,Wayne Farms,location 2532
fid_57260,,,6778.017074,Wayne Farms,location 2532
fid_55969,,,7796.326857,Freight Farms,location 2532
fid_63377,,,23175.303671,Wayne Farms,location 2532
fid_61592,,,2693.350873,Wayne Farms,location 2532
fid_12629,,,5924.517213,Wayne Farms,location 2532
fid_97401,,,4900.447444,Wayne Farms,location 2532
fid_118955,,,53614.414203,Wayne Farms,location 2532
fid_52495,,,14440.749416999999,Obery Farms,location 2532
fid_114487,,,5525.498828,Wayne Farms,location 2532
fid_17267,,,5281.628453,Monogram Foods,location 2532
fid_51564,,,5931.577841,Monogram Foods,location 2532
fid_20431,,,1216.193173,Monogram Foods,location 2532
fid_47171,,,2568.582144,Other,location 2532
fid_49060,,,7559.702916,Monogram Foods,location 2532
fid_26200,,,13254.656816,Obery Farms,location 2532
fid_56877,,,1899.308932,Wayne Farms,location 2532
fid_22594,,,12362.788016,Obery Farms,location 2532
fid_83104,,,13306.310884,Sanderson Farms,location 2532
fid_74943,,,8842.693346,Obery Farms,location 2532
fid_73431,,,5630.479218,Obery Farms,location 2532
fid_69323,,,6185.946255,Mountaire Farms,location 2532
fid_91845,,,15501.422968,Sanderson Farms,location 2532
fid_109954,,,6929.077352,Dole Food Company,location 2532
fid_71811,,,12033.911396,Wayne Farms,location 2532
fid_21908,,,14592.27421,Dole Food Company,location 2532
fid_55290,,,11307.595742,Wayne Farms,location 2532
fid_28942,,,3446.329688,Wayne Farms,location 2532
fid_61038,,,9124.189436,Wayne Farms,location 2532
fid_123107,,,3698.189721,Wayne Farms,location 2532
fid_114367,,,17851.497256,Obery Farms,location 2532
fid_121053,,,4049.363061,Wayne Farms,location 2532
fid_15407,,,9895.191433,Wayne Farms,location 2532
fid_56848,,,3328.621587,Wayne Farms,location 2532
fid_22772,,,1530.298216,Wayne Farms,location 2532
fid_87873,,,5314.1445029999995,Sanderson Farms,location 2532
fid_49646,,,4696.432456,Northland Organic Foods Corporation,location 2532
fid_101963,,,7911.991092,Obery Farms,location 2532
fid_73891,,,980.962777,Mountaire Farms,location 2532
fid_81020,,,50664.743953,Sanderson Farms,location 2532
fid_105543,,,6837.382091,Obery Farms,location 2532
fid_24653,,,1561.234915,Wayne Farms,location 2532
fid_44068,,,12876.541606,Dole Food Company,location 2532
fid_96693,,,3565.802946,Wayne Farms,location 2532
fid_117774,,,16561.81781,Freight Farms,location 2532
fid_45378,,,9285.283238,Wayne Farms,location 2532
fid_57955,,,6915.978029,Foster Farms,location 2532
fid_21499,,,11295.611255,Foster Farms,location 2532
fid_28068,,,10757.052564,Foster Farms,location 2532
fid_25545,,,8593.5275,Wayne Farms,location 2532
fid_73587,,,8824.670164,Wayne Farms,location 2532
fid_54620,,,22066.134754,Del Monte Foods,location 2532
fid_96132,,,3666.323992,Mountaire Farms,location 2532
fid_34005,,,18156.683611,Wayne Farms,location 2532
fid_45859,,,9320.772184,Freight Farms,location 2532
fid_93275,,,1418.535907,Wayne Farms,location 2532
fid_56293,,,6786.006732,Obery Farms,location 2532
fid_56367,,,24942.59744,Sanderson Farms,location 2532
fid_122133,,,8483.530348,Wayne Farms,location 2532
fid_100107,,,35416.574563,Del Monte Foods,location 2532
fid_57793,,,2699.946986,Wayne Farms,location 2532
fid_16215,,,17389.026122,Dole Food Company,location 2532
fid_40569,,,4844.055323,Wayne Farms,location 5410
fid_49926,,,2181.455343,Wayne Farms,location 5410
fid_83275,,,11403.471637999999,Wayne Farms,location 5410
fid_30943,,,2600.819485,Obery Farms,location 5410
fid_49453,,,7144.5194089999995,Obery Farms,location 5410
fid_111372,,,15101.289747,Wayne Farms,location 5410
fid_70533,,,2568.396338,Wayne Farms,location 5410
fid_52221,,,2092.547172,Wayne Farms,location 5410
fid_43558,,,1228.17766,Obery Farms,location 5410
fid_68690,,,16845.915184,Obery Farms,location 5410
fid_45857,,,4008.114129,Obery Farms,location 5410
fid_29084,,,4276.975411,Obery Farms,location 5410
fid_48766,,,25861.315207,Del Monte Foods,location 5410
fid_100952,,,5737.317668,Wayne Farms,location 5410
fid_105588,,,3972.067765,Wayne Farms,location 5410
fid_59767,,,12050.169421,Wayne Farms,location 5410
fid_63574,,,2907.8639,Wayne Farms,location 5410
fid_111995,,,6807.653131,Del Monte Foods,location 5410
fid_47796,,,18040.647764,Foster Farms,location 5410
fid_58457,,,2217.687513,Wayne Farms,location 5410
fid_73600,,,22083.414712,Foster Farms,location 5410
fid_102706,,,8874.651978,Del Monte Foods,location 5410
fid_47093,,,3284.492662,Foster Farms,location 5410
fid_47157,,,4675.529281,Wayne Farms,location 5410
fid_19713,,,6491.690028,Perdue Farms,location 5410
fid_57242,,,7246.619806,Wayne Farms,location 5410
fid_103446,,,14807.251752,Wayne Farms,location 5410
fid_27773,,,21566.409517,Obery Farms,location 5410
fid_84575,,,9718.025411999999,Obery Farms,location 5410
fid_51573,,,10799.880847,Obery Farms,location 5410
fid_83098,,,12518.493444,Obery Farms,location 5410
fid_21039,,,2320.624037,Obery Farms,location 5410
fid_80706,,,2201.986906,Wayne Farms,location 5410
fid_54140,,,3522.603051,Wayne Farms,location 5410
fid_45944,,,5692.538422,Wayne Farms,location 5410
fid_40781,,,25384.258302,Obery Farms,location 5410
fid_80348,,,6604.288464,Obery Farms,location 5410
fid_36336,,,8031.928865,Wayne Farms,location 5410
fid_43820,,,3989.440626,Wayne Farms,location 5410
fid_61653,,,6038.695,Wayne Farms,location 5410
fid_18150,,,9089.443713999999,Obery Farms,location 5410
fid_46229,,,3066.913836,Obery Farms,location 5410
fid_116209,,,3307.811315,Perdue Farms,location 5410
fid_81843,,,1251.310507,Del Monte Foods,location 5410
fid_88637,,,12911.380231,Obery Farms,location 5410
fid_50952,,,3995.479321,Wayne Farms,location 5410
fid_13316,,,5238.614364,Foster Farms,location 5410
fid_110680,,,1723.443553,Sanderson Farms,location 5410
fid_111389,,,1908.22762,Del Monte Foods,location 5410
fid_64645,,,22990.798313,Del Monte Foods,location 5410
fid_31213,,,9670.180367,Wayne Farms,location 5410
fid_85299,,,1586.504531,Wayne Farms,location 5410
fid_22156,,,10606.363898,Wayne Farms,location 5410
fid_68361,,,5003.75558,Wayne Farms,location 5410
fid_33704,,,4202.93172,Wayne Farms,location 5410
fid_90243,,,7427.501947,Obery Farms,location 5410
fid_114303,,,6014.818929,Wayne Farms,location 5410
fid_70611,,,7422.9497,Dole Food Company,location 5410
fid_59165,,,9581.829614,Wayne Farms,location 5410
fid_20722,,,1161.2875,Foster Farms,location 5410
fid_32599,,,7110.516911,Del Monte Foods,location 5410
fid_43164,,,41103.817514,Obery Farms,location 5410
fid_42489,,,12083.614501,Foster Farms,location 5410
fid_87903,,,19088.965216,Foster Farms,location 5410
fid_111563,,,5628.249546,Obery Farms,location 5410
fid_13336,,,15255.230018,Obery Farms,location 5410
fid_105003,,,18064.152223,Obery Farms,location 5410
fid_33688,,,18621.663126,Obery Farms,location 5410
fid_26482,,,22068.736038,Wayne Farms,location 5410
fid_114090,,,5406.582988,Wayne Farms,location 5410
fid_81195,,,4781.810313,Wayne Farms,location 5410
fid_26605,,,1453.839047,Wayne Farms,location 5410
fid_77519,,,10746.647428,Wayne Farms,location 5410
fid_75385,,,820.890908,Wayne Farms,location 5410
fid_70655,,,1994.534507,Wayne Farms,location 5410
fid_109814,,,15894.216852,Obery Farms,location 5410
fid_101529,,,2359.829103,Obery Farms,location 5410
fid_63700,,,2379.152927,Foster Farms,location 5410
fid_117459,,,5782.468526,Obery Farms,location 5410
fid_49003,,,8399.453132999999,Wayne Farms,location 5410
fid_82991,,,18580.6,Foster Farms,location 5410
fid_19789,,,8487.896789,Wayne Farms,location 5410
fid_95027,,,3512.012109,Dole Food Company,location 5410
fid_41043,,,5032.741316,Dole Food Company,location 5410
fid_31738,,,6132.805739,Dole Food Company,location 5410
fid_121246,,,5785.9059369999995,Dole Food Company,location 5410
fid_77830,,,5392.183023,Dole Food Company,location 5410
fid_64331,,,5320.926422,Dole Food Company,location 5410
fid_115701,,,6205.362982,Dole Food Company,location 5410
fid_49675,,,6967.725,Dole Food Company,location 5410
fid_41759,,,6376.583211,Foster Farms,location 5410
fid_117108,,,6857.449139,Obery Farms,location 5410
fid_118446,,,7691.346467,Sanderson Farms,location 5410
fid_38314,,,4642.827425,Sanderson Farms,location 5410
fid_14967,,,16797.419818,Sanderson Farms,location 5410
fid_26155,,,6827.255664,Sanderson Farms,location 5410
fid_23600,,,26702.087357,Sanderson Farms,location 5410
fid_24287,,,3211.192195,Sanderson Farms,location 5410
fid_41680,,,34376.339672,Sanderson Farms,location 5410
fid_113277,,,15467.327567,Sanderson Farms,location 5410
fid_46846,,,8101.1416,Wayne Farms,location 5410
fid_26870,,,7867.769264,Sanderson Farms,location 5410
fid_75152,1915.0,,14416.408831,Sanderson Farms,location 5150
fid_13819,1962.0,,4364.675843,Wayne Farms,location 5150
fid_115504,2011.0,,9116.106875,Obery Farms,location 5150
fid_19165,2008.0,,25997.97552,Obery Farms,location 5150
fid_61258,1912.0,,5583.4703,West Liberty Foods,location 5150
fid_93390,1986.0,,16163.542648999999,Obery Farms,location 5150
fid_46342,1930.0,,15887.156224,Obery Farms,location 5150
fid_93603,1912.0,,4403.416394,Obery Farms,location 5150
fid_42929,1913.0,,2909.350348,Wayne Farms,location 5150
fid_50988,1933.0,,12151.154982,Wayne Farms,location 5150
fid_44755,1953.0,,12710.709751,Del Monte Foods,location 5150
fid_81706,1915.0,,2884.916859,Wayne Farms,location 5150
fid_60353,1910.0,,1369.761832,Wayne Farms,location 5150
fid_79821,1912.0,,2918.547745,Obery Farms,location 5150
fid_45095,1961.0,,13051.756664,Obery Farms,location 5150
fid_62589,1968.0,,10360.356754,Monogram Foods,location 5150
fid_29039,1960.0,,1704.026826,Obery Farms,location 5150
fid_69681,1978.0,,10856.087162,Obery Farms,location 5150
fid_98062,1985.0,,10254.63314,Wayne Farms,location 5150
fid_14776,1974.0,,11659.976821,Obery Farms,location 5150
fid_15392,1976.0,,1940.650767,Obery Farms,location 5150
fid_59158,1993.0,,3239.9921249999998,Obery Farms,location 5150
fid_113200,1995.0,,29946.445923,Obery Farms,location 5150
fid_99075,2010.0,,12195.469713,Obery Farms,location 5150
fid_40082,1970.0,,735.698857,Monogram Foods,location 5150
fid_81744,2004.0,,13913.339086,Obery Farms,location 5150
fid_54167,,,3772.883733,Wayne Farms,location 5150
fid_77843,,,3972.067765,Wayne Farms,location 5150
fid_97094,,,2062.539503,Southern Confederate Farms,location 5150
fid_110647,,,2158.322496,Obery Farms,location 5150
fid_66531,,,4697.826001,Obery Farms,location 5150
fid_103875,,,8477.677459,Obery Farms,location 5150
fid_75025,,,2008.377054,Wayne Farms,location 5150
fid_62545,1903.0,,5707.867417,Dole Food Company,location 5150
fid_101224,1904.0,,11546.820967,Obery Farms,location 5150
fid_60722,1988.0,,10361.47159,Sanderson Farms,location 5150
fid_116221,1921.0,,21726.574289,Obery Farms,location 5150
fid_114660,1923.0,,10589.827164,Obery Farms,location 5150
fid_71444,1932.0,,14672.449499,Wayne Farms,location 5150
fid_22726,1940.0,,6960.478566,Kansas Ville Farms,location 5150
fid_35903,1941.0,,12046.174592,Dole Food Company,location 5150
fid_61499,1947.0,,8173.327231,Wayne Farms,location 5150
fid_96636,1948.0,,3130.3665849999998,Obery Farms,location 5150
fid_123171,1949.0,,18491.134411,Sanderson Farms,location 5150
fid_15805,1953.0,,4941.882182,Sanderson Farms,location 5150
fid_29909,,,443.426019,Obery Farms,location 5150
fid_18524,1956.0,,4698.755031,Del Monte Foods,location 5150
fid_39966,1957.0,,1513.296967,Obery Farms,location 5150
fid_35231,2014.0,,9795.134902,Obery Farms,location 5150
fid_115974,1956.0,,14833.078786,Wayne Farms,location 5150
fid_57575,1957.0,,10710.601064,Wayne Farms,location 5150
fid_41095,1960.0,,22299.135478,Del Monte Foods,location 5150
fid_98978,1984.0,,6930.470897,Obery Farms,location 5150
fid_77247,1990.0,,19928.158015,Obery Farms,location 5150
fid_111892,1963.0,,4603.622359,Wayne Farms,location 5150
fid_111497,2010.0,,18954.906187,Obery Farms,location 5150
fid_26829,1963.0,,7860.987345,Wayne Farms,location 5150
fid_27856,1965.0,,22582.118016,Del Monte Foods,location 5150
fid_35704,1967.0,,9811.671636,Obery Farms,location 5150
fid_88604,1967.0,,5292.591007,Obery Farms,location 5150
fid_31488,1967.0,,11568.374463,Obery Farms,location 5150
fid_96575,1975.0,,7621.297605,Sanderson Farms,location 5150
fid_38905,1973.0,,17376.670023,Wayne Farms,location 5150
fid_101483,1990.0,,4223.834895,Foster Farms,location 5150
fid_104595,1953.0,,1589.012912,Sanderson Farms,location 5150
fid_49218,1951.0,,8696.464024,Sanderson Farms,location 5150
fid_20130,1956.0,,6381.785779,Sanderson Farms,location 5150
fid_45973,1963.0,,7074.842159,Sanderson Farms,location 5150
fid_61436,1990.0,,14111.9657,Sanderson Farms,location 5150
fid_23595,2002.0,,1519.056953,Sanderson Farms,location 5150
fid_42074,,,9162.465472,Dole Food Company,location 5150
fid_31232,1913.0,,8949.903408,Dole Food Company,location 5150
fid_107969,1914.0,,1856.573552,Dole Food Company,location 5150
fid_81440,1925.0,,1885.094773,Dole Food Company,location 5150
fid_42860,1929.0,,15497.521042,Dole Food Company,location 5150
fid_114778,1928.0,,1966.570704,Dole Food Company,location 5150
fid_116768,1946.0,,15681.190273,Dole Food Company,location 5150
fid_59063,1961.0,,12411.283382,Dole Food Company,location 5150
fid_58268,2004.0,,7287.125514,Dole Food Company,location 5150
fid_36342,2006.0,,15727.54887,Dole Food Company,location 5150
fid_22080,2007.0,,13275.931602999999,Dole Food Company,location 5150
fid_19510,2005.0,,12683.303366,Dole Food Company,location 5150
fid_71138,2006.0,,7724.048323,Dole Food Company,location 5150
fid_93268,2007.0,,2671.89028,Sanderson Farms,location 5150
fid_108396,1902.0,,4541.191543,Dole Food Company,location 5150
fid_21857,1994.0,,1070.614172,Wayne Farms,location 5150
fid_107443,1958.0,,846.439233,Obery Farms,location 5150
fid_76288,1953.0,,3673.198814,Dole Food Company,location 5150
fid_111517,1975.0,,6131.505097,Dole Food Company,location 5150
fid_108439,1975.0,,6100.289689,Dole Food Company,location 5150
fid_115394,1975.0,,3761.828276,Dole Food Company,location 5150
fid_56104,1975.0,,3830.948108,Dole Food Company,location 5150
fid_53265,1975.0,,3758.019253,Dole Food Company,location 5150
fid_53351,1975.0,,3837.079706,Dole Food Company,location 5150
fid_45746,1975.0,,3774.555987,Dole Food Company,location 5150
fid_34894,1975.0,,8833.124337,Sanderson Farms,location 5150
fid_22511,,,4453.212402,Obery Farms,location 5150
fid_62777,1932.0,,1846.540028,Dole Food Company,location 5150
fid_107212,1965.0,,1697.988131,Dole Food Company,location 5150
fid_24780,1964.0,,2239.241009,Dole Food Company,location 5150
fid_34702,1990.0,,378.208113,Kansas Ville Farms,location 5150
fid_51284,1948.0,,1435.35135,Sanderson Farms,location 5150
fid_72481,1933.0,,16780.604375,Obery Farms,location 5150
fid_108839,1933.0,,2641.418096,Obery Farms,location 5150
fid_49955,2002.0,,3758.948283,Obery Farms,location 5150
fid_27031,1981.0,,4952.0086089999995,Wayne Farms,location 5150
fid_85288,2000.0,,10345.67808,Del Monte Foods,location 5150
fid_101835,1968.0,,14927.003719,Obery Farms,location 5150
fid_67324,1913.0,,2609.087852,Obery Farms,location 5150
fid_93235,1967.0,,3079.548644,Obery Farms,location 5150
fid_13464,1961.0,,887.409456,Obery Farms,location 5150
fid_110678,1937.0,,1049.989706,Monogram Foods,location 5150
fid_59808,1968.0,,10360.356754,Obery Farms,location 5150
fid_90447,1990.0,,10123.732813,Obery Farms,location 5150
fid_17905,1957.0,,5248.740791,Obery Farms,location 5150
fid_45360,1987.0,,13962.763482,Dole Food Company,location 5150
fid_70499,1951.0,,2800.375129,Obery Farms,location 5150
fid_100993,1993.0,,9247.657523,Del Monte Foods,location 5150
fid_24152,1913.0,,3745.012833,Obery Farms,location 5150
fid_41664,1914.0,,1822.663957,Sanderson Farms,location 5150
fid_14529,,,399.297094,Obery Farms,location 5150
fid_46454,1997.0,,1046.552295,Sanderson Farms,location 5150
fid_24103,2001.0,,2766.1868249999998,Dole Food Company,location 5150
fid_34139,2001.0,,8572.252713,Wayne Farms,location 5150
